{
  "__type__": "cc.TextAsset",
  "_name": "7740a.atlas",
  "_objFlags": 0,
  "_native": "",
  "text": "\n7740a.png\nsize: 1929,451\nformat: RGBA8888\nfilter: Linear,Linear\nrepeat: none\ne2 (1)\n  rotate: false\n  xy: 1717, 134\n  size: 84, 84\n  orig: 84, 84\n  offset: 0, 0\n  index: -1\ne2 (10)\n  rotate: true\n  xy: 2, 183\n  size: 266, 259\n  orig: 266, 259\n  offset: 0, 0\n  index: -1\ne2 (11)\n  rotate: true\n  xy: 263, 184\n  size: 265, 260\n  orig: 265, 260\n  offset: 0, 0\n  index: -1\ne2 (12)\n  rotate: false\n  xy: 1471, 220\n  size: 227, 229\n  orig: 227, 229\n  offset: 0, 0\n  index: -1\ne2 (13)\n  rotate: false\n  xy: 1700, 220\n  size: 227, 229\n  orig: 227, 229\n  offset: 0, 0\n  index: -1\ne2 (14)\n  rotate: false\n  xy: 365, 2\n  size: 178, 180\n  orig: 178, 180\n  offset: 0, 0\n  index: -1\ne2 (15)\n  rotate: true\n  xy: 2, 2\n  size: 179, 180\n  orig: 179, 180\n  offset: 0, 0\n  index: -1\ne2 (16)\n  rotate: false\n  xy: 184, 2\n  size: 179, 179\n  orig: 179, 179\n  offset: 0, 0\n  index: -1\ne2 (17)\n  rotate: false\n  xy: 545, 15\n  size: 126, 178\n  orig: 126, 178\n  offset: 0, 0\n  index: -1\ne2 (18)\n  rotate: false\n  xy: 673, 15\n  size: 126, 178\n  orig: 126, 178\n  offset: 0, 0\n  index: -1\ne2 (2)\n  rotate: true\n  xy: 769, 208\n  size: 241, 232\n  orig: 241, 232\n  offset: 0, 0\n  index: -1\ne2 (3)\n  rotate: true\n  xy: 1272, 46\n  size: 161, 217\n  orig: 161, 217\n  offset: 0, 0\n  index: -1\ne2 (4)\n  rotate: true\n  xy: 1034, 9\n  size: 198, 236\n  orig: 198, 236\n  offset: 0, 0\n  index: -1\ne2 (5)\n  rotate: true\n  xy: 801, 6\n  size: 200, 231\n  orig: 200, 231\n  offset: 0, 0\n  index: -1\ne2 (6)\n  rotate: true\n  xy: 1491, 6\n  size: 212, 224\n  orig: 212, 224\n  offset: 0, 0\n  index: -1\ne2 (7)\n  rotate: false\n  xy: 1003, 209\n  size: 232, 240\n  orig: 232, 240\n  offset: 0, 0\n  index: -1\ne2 (8)\n  rotate: false\n  xy: 1237, 209\n  size: 232, 240\n  orig: 232, 240\n  offset: 0, 0\n  index: -1\ne2 (9)\n  rotate: true\n  xy: 525, 195\n  size: 254, 242\n  orig: 254, 242\n  offset: 0, 0\n  index: -1\n"
}