{
  "__type__": "cc.TextAsset",
  "_name": "2821b.atlas",
  "_objFlags": 0,
  "_native": "",
  "text": "\n2821b.png\nsize: 1908,687\nformat: RGBA8888\nfilter: Linear,Linear\nrepeat: none\nb1\n  rotate: false\n  xy: 1211, 9\n  size: 71, 38\n  orig: 71, 38\n  offset: 0, 0\n  index: -1\nb10\n  rotate: true\n  xy: 1546, 274\n  size: 411, 200\n  orig: 411, 200\n  offset: 0, 0\n  index: -1\nb11\n  rotate: false\n  xy: 740, 150\n  size: 564, 535\n  orig: 564, 535\n  offset: 0, 0\n  index: -1\nb12\n  rotate: false\n  xy: 1211, 49\n  size: 74, 47\n  orig: 74, 47\n  offset: 0, 0\n  index: -1\nb13\n  rotate: false\n  xy: 1748, 383\n  size: 153, 302\n  orig: 153, 302\n  offset: 0, 0\n  index: -1\nb14\n  rotate: false\n  xy: 1211, 98\n  size: 78, 50\n  orig: 78, 50\n  offset: 0, 0\n  index: -1\nb15\n  rotate: true\n  xy: 611, 6\n  size: 142, 250\n  orig: 142, 250\n  offset: 0, 0\n  index: -1\nb16\n  rotate: false\n  xy: 863, 5\n  size: 177, 143\n  orig: 177, 143\n  offset: 0, 0\n  index: -1\nb17\n  rotate: false\n  xy: 1306, 17\n  size: 307, 255\n  orig: 307, 255\n  offset: 0, 0\n  index: -1\nb2\n  rotate: false\n  xy: 1615, 2\n  size: 291, 270\n  orig: 291, 270\n  offset: 0, 0\n  index: -1\nb3\n  rotate: false\n  xy: 1042, 8\n  size: 167, 140\n  orig: 167, 140\n  offset: 0, 0\n  index: -1\nb4\n  rotate: false\n  xy: 1748, 274\n  size: 82, 52\n  orig: 82, 52\n  offset: 0, 0\n  index: -1\nb5\n  rotate: true\n  xy: 2, 15\n  size: 172, 333\n  orig: 172, 333\n  offset: 0, 0\n  index: -1\nb6\n  rotate: false\n  xy: 2, 189\n  size: 736, 496\n  orig: 736, 496\n  offset: 0, 0\n  index: -1\nb7\n  rotate: false\n  xy: 1306, 274\n  size: 238, 411\n  orig: 238, 411\n  offset: 0, 0\n  index: -1\nb8\n  rotate: false\n  xy: 1748, 328\n  size: 86, 53\n  orig: 86, 53\n  offset: 0, 0\n  index: -1\nb9\n  rotate: true\n  xy: 337, 29\n  size: 158, 272\n  orig: 158, 272\n  offset: 0, 0\n  index: -1\n"
}