{
  "9836134e-b892-4283-b6b2-78b5acf3ed45": {
    "asset": 1649745263000,
    "meta": 1653569503968,
    "relativePath": "effects"
  },
  "f8e6b000-5643-4b86-9080-aa680ce1f599": {
    "asset": 1649745263000,
    "meta": 1653569503969,
    "relativePath": "image"
  },
  "5c3eedba-6c41-4c0c-9ba7-d91f813cbd1c": {
    "asset": 1649745263000,
    "meta": 1653569503969,
    "relativePath": "materials"
  },
  "fc09f9bd-2cce-4605-b630-8145ef809ed6": {
    "asset": 1649745263000,
    "meta": 1653569503970,
    "relativePath": "misc"
  },
  "db019bf7-f71c-4111-98cf-918ea180cb48": {
    "asset": 1649745263000,
    "meta": 1653569503971,
    "relativePath": "model"
  },
  "f6e6dd15-71d1-4ffe-ace7-24fd39942c05": {
    "asset": 1649745263000,
    "meta": 1653569503972,
    "relativePath": "obsolete"
  },
  "f743d2b6-b7ea-4c14-a55b-547ed4d0a045": {
    "asset": 1649745263000,
    "meta": 1653569503972,
    "relativePath": "particle"
  },
  "ae6c6c98-11e4-452f-8758-75f5c6a56e83": {
    "asset": 1649745263000,
    "meta": 1653569503973,
    "relativePath": "prefab"
  },
  "d8afc78c-4eac-4a9f-83dd-67bc70344d33": {
    "asset": 1649745263000,
    "meta": 1653569503974,
    "relativePath": "resources"
  },
  "430eccbf-bf2c-4e6e-8c0c-884bbb487f32": {
    "asset": 1649745263000,
    "meta": 1653569504001,
    "relativePath": "effects/__builtin-editor-gizmo-line.effect"
  },
  "6c5cf6e1-b044-4eac-9431-835644d57381": {
    "asset": 1649745263000,
    "meta": 1653569504011,
    "relativePath": "effects/__builtin-editor-gizmo-unlit.effect"
  },
  "115286d1-2e10-49ee-aab4-341583f607e8": {
    "asset": 1649745263000,
    "meta": 1653569504048,
    "relativePath": "effects/__builtin-editor-gizmo.effect"
  },
  "abc2cb62-7852-4525-a90d-d474487b88f2": {
    "asset": 1649745263000,
    "meta": 1653569504159,
    "relativePath": "effects/builtin-phong.effect"
  },
  "e2f00085-c597-422d-9759-52c360279106": {
    "asset": 1649745263000,
    "meta": 1653569504212,
    "relativePath": "effects/builtin-toon.effect"
  },
  "71561142-4c83-4933-afca-cb7a17f67053": {
    "asset": 1649745263000,
    "meta": 1653569504234,
    "relativePath": "image/default_btn_disabled.png"
  },
  "b43ff3c2-02bb-4874-81f7-f2dea6970f18": {
    "asset": 1649745263000,
    "meta": 1653569504236,
    "relativePath": "image/default_btn_pressed.png"
  },
  "e851e89b-faa2-4484-bea6-5c01dd9f06e2": {
    "asset": 1649745263000,
    "meta": 1653569504237,
    "relativePath": "image/default_btn_normal.png"
  },
  "edd215b9-2796-4a05-aaf5-81f96c9281ce": {
    "asset": 1649745263000,
    "meta": 1653569504248,
    "relativePath": "image/default_editbox_bg.png"
  },
  "cfef78f1-c8df-49b7-8ed0-4c953ace2621": {
    "asset": 1649745263000,
    "meta": 1653569504249,
    "relativePath": "image/default_progressbar.png"
  },
  "d81ec8ad-247c-4e62-aa3c-d35c4193c7af": {
    "asset": 1649745263000,
    "meta": 1653569504251,
    "relativePath": "image/default_panel.png"
  },
  "600301aa-3357-4a10-b086-84f011fa32ba": {
    "asset": 1649745263000,
    "meta": 1653569504252,
    "relativePath": "image/default-particle.png"
  },
  "99170b0b-d210-46f1-b213-7d9e3f23098a": {
    "asset": 1649745263000,
    "meta": 1653569504265,
    "relativePath": "image/default_progressbar_bg.png"
  },
  "567dcd80-8bf4-4535-8a5a-313f1caf078a": {
    "asset": 1649745263000,
    "meta": 1653569504266,
    "relativePath": "image/default_radio_button_off.png"
  },
  "0291c134-b3da-4098-b7b5-e397edbe947f": {
    "asset": 1649745263000,
    "meta": 1653569504268,
    "relativePath": "image/default_scrollbar.png"
  },
  "9d60001f-b5f4-4726-a629-2659e3ded0b8": {
    "asset": 1649745263000,
    "meta": 1653569504270,
    "relativePath": "image/default_radio_button_on.png"
  },
  "d6d3ca85-4681-47c1-b5dd-d036a9d39ea2": {
    "asset": 1649745263000,
    "meta": 1653569504298,
    "relativePath": "image/default_scrollbar_vertical.png"
  },
  "4bab67cb-18e6-4099-b840-355f0473f890": {
    "asset": 1649745263000,
    "meta": 1653569504300,
    "relativePath": "image/default_scrollbar_bg.png"
  },
  "6e056173-d285-473c-b206-40a7fff5386e": {
    "asset": 1649745263000,
    "meta": 1653569504303,
    "relativePath": "image/default_sprite.png"
  },
  "617323dd-11f4-4dd3-8eec-0caf6b3b45b9": {
    "asset": 1649745263000,
    "meta": 1653569504304,
    "relativePath": "image/default_scrollbar_vertical_bg.png"
  },
  "0275e94c-56a7-410f-bd1a-fc7483f7d14a": {
    "asset": 1649745263000,
    "meta": 1653569504321,
    "relativePath": "image/default_sprite_splash.png"
  },
  "73a0903d-d80e-4e3c-aa67-f999543c08f5": {
    "asset": 1649745263000,
    "meta": 1653569504325,
    "relativePath": "image/default_toggle_checkmark.png"
  },
  "c25b9d50-c8fc-4d27-beeb-6e7c1f2e5c0f": {
    "asset": 1649745263000,
    "meta": 1653569504327,
    "relativePath": "image/default_toggle_disabled.png"
  },
  "e39e96e6-6f6e-413f-bcf1-ac7679bb648a": {
    "asset": 1649745263000,
    "meta": 1653569504330,
    "relativePath": "model/prefab"
  },
  "c4480a0a-6ac5-443f-8b40-361a14257fc8": {
    "asset": 1649745263000,
    "meta": 1653569505575,
    "relativePath": "materials/builtin-phong.mtl"
  },
  "d29077ba-1627-4a72-9579-7b56a235340c": {
    "asset": 1649745263000,
    "meta": 1653569504329,
    "relativePath": "image/default_toggle_normal.png"
  },
  "b181c1e4-0a72-4a91-bfb0-ae6f36ca60bd": {
    "asset": 1649745263000,
    "meta": 1653569504979,
    "relativePath": "image/default_toggle_pressed.png"
  },
  "2be36297-9abb-4fee-8049-9ed5e271da8a": {
    "asset": 1649745263000,
    "meta": 1653569504985,
    "relativePath": "misc/default_video.mp4"
  },
  "8a96b965-2dc0-4e03-aa90-3b79cb93b5b4": {
    "asset": 1649745263000,
    "meta": 1653569505012,
    "relativePath": "obsolete/atom.png"
  },
  "897ef7a1-4860-4f64-968d-f5924b18668a": {
    "asset": 1649745263000,
    "meta": 1653569505016,
    "relativePath": "prefab/2d-camera.prefab"
  },
  "70d7cdb0-04cd-41bb-9480-c06a4785f386": {
    "asset": 1649745263000,
    "meta": 1653569505020,
    "relativePath": "prefab/3d-camera.prefab"
  },
  "70bbeb73-6dc2-4ee4-8faf-76b3a0e34ec4": {
    "asset": 1649745263000,
    "meta": 1653569505031,
    "relativePath": "prefab/3d-particle.prefab"
  },
  "d0a82d39-bede-46c4-b698-c81ff0dedfff": {
    "asset": 1649745263000,
    "meta": 1653569505039,
    "relativePath": "particle/atom.png"
  },
  "ed88f13d-fcad-4848-aa35-65a2cb973584": {
    "asset": 1649745263000,
    "meta": 1653569505041,
    "relativePath": "prefab/3d-stage.prefab"
  },
  "972b9a4d-47ee-4c74-b5c3-61d8a69bc29f": {
    "asset": 1649745263000,
    "meta": 1653569505043,
    "relativePath": "prefab/button.prefab"
  },
  "2c937608-2562-40ea-b264-7395df6f0cea": {
    "asset": 1649745263000,
    "meta": 1653569505048,
    "relativePath": "prefab/canvas.prefab"
  },
  "61aeb05b-3b32-452b-8eed-2b76deeed554": {
    "asset": 1649745263000,
    "meta": 1653569505050,
    "relativePath": "prefab/editbox.prefab"
  },
  "a3ee0214-b432-4865-9666-4a3211814282": {
    "asset": 1649745263000,
    "meta": 1653569505051,
    "relativePath": "prefab/light"
  },
  "b8223619-7e38-47c4-841f-9160c232495a": {
    "asset": 1649745263000,
    "meta": 1653569505589,
    "relativePath": "obsolete/atom.plist"
  },
  "27756ebb-3d33-44b0-9b96-e858fadd4dd4": {
    "asset": 1649745263000,
    "meta": 1653569505059,
    "relativePath": "prefab/label.prefab"
  },
  "b2687ac4-099e-403c-a192-ff477686f4f5": {
    "asset": 1649745263000,
    "meta": 1653569505589,
    "relativePath": "particle/atom.plist"
  },
  "785a442c-3ceb-45be-a46e-7317f625f3b9": {
    "asset": 1649745263000,
    "meta": 1653569505082,
    "relativePath": "prefab/layout.prefab"
  },
  "ca8401fe-ad6e-41a8-bd46-8e3e4e9945be": {
    "asset": 1649745263000,
    "meta": 1653569505085,
    "relativePath": "prefab/pageview.prefab"
  },
  "cd33edea-55f5-46c2-958d-357a01384a36": {
    "asset": 1649745263000,
    "meta": 1653569505087,
    "relativePath": "prefab/particlesystem.prefab"
  },
  "5965ffac-69da-4b55-bcde-9225d0613c28": {
    "asset": 1649745263000,
    "meta": 1653569505091,
    "relativePath": "prefab/progressBar.prefab"
  },
  "4a37dd57-78cd-4cec-aad4-f11a73d12b63": {
    "asset": 1649745263000,
    "meta": 1653569505093,
    "relativePath": "prefab/richtext.prefab"
  },
  "32044bd2-481f-4cf1-a656-e2b2fb1594eb": {
    "asset": 1649745263000,
    "meta": 1653569505097,
    "relativePath": "prefab/scrollview.prefab"
  },
  "0004d1cf-a0ad-47d8-ab17-34d3db9d35a3": {
    "asset": 1649745263000,
    "meta": 1653569505101,
    "relativePath": "prefab/slider.prefab"
  },
  "96083d03-c332-4a3f-9386-d03e2d19e8ee": {
    "asset": 1649745263000,
    "meta": 1653569505102,
    "relativePath": "prefab/sprite.prefab"
  },
  "1f55e3be-b89b-4b79-88de-47fd31018044": {
    "asset": 1649745263000,
    "meta": 1653569505104,
    "relativePath": "prefab/sprite_splash.prefab"
  },
  "7de03a80-4457-438d-95a7-3e7cdffd6086": {
    "asset": 1649745263000,
    "meta": 1653569505110,
    "relativePath": "prefab/tiledmap.prefab"
  },
  "0e42ba95-1fa1-46aa-b2cf-143cd1bcee2c": {
    "asset": 1649745263000,
    "meta": 1653569505112,
    "relativePath": "prefab/tiledtile.prefab"
  },
  "0d784963-d024-4ea6-a7db-03be0ad63010": {
    "asset": 1649745263000,
    "meta": 1653569505114,
    "relativePath": "prefab/toggle.prefab"
  },
  "bf0a434c-84dd-4a8e-a08a-7a36f180cc75": {
    "asset": 1649745263000,
    "meta": 1653569505116,
    "relativePath": "prefab/toggleContainer.prefab"
  },
  "294c1663-4adf-4a1e-a795-53808011a38a": {
    "asset": 1649745263000,
    "meta": 1653569505117,
    "relativePath": "resources/effects"
  },
  "bbee2217-c261-49bd-a8ce-708d6bcc3500": {
    "asset": 1649745263000,
    "meta": 1653569505118,
    "relativePath": "resources/materials"
  },
  "d1b8be49-b0a0-435c-83b7-552bed4bbe35": {
    "asset": 1649745263000,
    "meta": 1653569505120,
    "relativePath": "prefab/toggleGroup.prefab"
  },
  "232d2782-c4bd-4bb4-9e01-909f03d6d3b9": {
    "asset": 1649745263000,
    "meta": 1653569505122,
    "relativePath": "prefab/videoplayer.prefab"
  },
  "8c5001fd-07ee-4a4b-a8a0-63e15195e94d": {
    "asset": 1649745263000,
    "meta": 1653569505124,
    "relativePath": "prefab/webview.prefab"
  },
  "a87cc147-01b2-43f8-8e42-a7ca90b0c757": {
    "asset": 1649745263000,
    "meta": 1653569505126,
    "relativePath": "model/prefab/box.prefab"
  },
  "fe1417b6-fe6b-46a4-ae7c-9fd331f33a2a": {
    "asset": 1649745263000,
    "meta": 1653569505128,
    "relativePath": "model/prefab/capsule.prefab"
  },
  "b5fc2cf2-7942-483d-be1f-bbeadc4714ad": {
    "asset": 1649745263000,
    "meta": 1653569505130,
    "relativePath": "model/prefab/cone.prefab"
  },
  "1c5e4038-953a-44c2-b620-0bbfc6170477": {
    "asset": 1649745263000,
    "meta": 1653569505136,
    "relativePath": "model/prefab/cylinder.prefab"
  },
  "3f376125-a699-40ca-ad05-04d662eaa1f2": {
    "asset": 1649745263000,
    "meta": 1653569505139,
    "relativePath": "model/prefab/plane.prefab"
  },
  "6c9ef10d-b479-420b-bfe6-39cdda6a8ae0": {
    "asset": 1649745263000,
    "meta": 1653569505146,
    "relativePath": "model/prefab/quad.prefab"
  },
  "2d9a4b85-b0ab-4c46-84c5-18f393ab2058": {
    "asset": 1649745263000,
    "meta": 1653569505148,
    "relativePath": "model/prefab/sphere.prefab"
  },
  "de510076-056b-484f-b94c-83bef217d0e1": {
    "asset": 1649745263000,
    "meta": 1653569505158,
    "relativePath": "model/prefab/torus.prefab"
  },
  "61906da3-7003-4bda-9abc-5769c76faee4": {
    "asset": 1649745263000,
    "meta": 1653569505168,
    "relativePath": "prefab/light/ambient.prefab"
  },
  "30682f87-9f0d-4f17-8a44-72863791461b": {
    "asset": 1649745263000,
    "meta": 1653569505177,
    "relativePath": "resources/effects/builtin-2d-graphics.effect"
  },
  "ddb99b39-7004-47cd-9705-751905c43c46": {
    "asset": 1649745263000,
    "meta": 1653569505179,
    "relativePath": "prefab/light/directional.prefab"
  },
  "144c3297-af63-49e8-b8ef-1cfa29b3be28": {
    "asset": 1649745263000,
    "meta": 1653569505186,
    "relativePath": "resources/effects/builtin-2d-gray-sprite.effect"
  },
  "f18742d7-56d2-4eb5-ae49-2d9d710b37c8": {
    "asset": 1649745263000,
    "meta": 1653569505198,
    "relativePath": "resources/effects/builtin-2d-label.effect"
  },
  "0e93aeaa-0b53-4e40-b8e0-6268b4e07bd7": {
    "asset": 1649745263000,
    "meta": 1653569505217,
    "relativePath": "resources/effects/builtin-2d-spine.effect"
  },
  "0cf30284-9073-46bc-9eba-e62b69dbbff3": {
    "asset": 1649745263000,
    "meta": 1653569505218,
    "relativePath": "prefab/light/point.prefab"
  },
  "2874f8dd-416c-4440-81b7-555975426e93": {
    "asset": 1649745263000,
    "meta": 1653569505226,
    "relativePath": "resources/effects/builtin-2d-sprite.effect"
  },
  "829a282c-b049-4019-bd38-5ace8d8a6417": {
    "asset": 1649745263000,
    "meta": 1653569505475,
    "relativePath": "resources/effects/builtin-3d-particle.effect"
  },
  "2a7c0036-e0b3-4fe1-8998-89a54b8a2bec": {
    "asset": 1649745263000,
    "meta": 1653569505499,
    "relativePath": "resources/effects/builtin-3d-trail.effect"
  },
  "c0040c95-c57f-49cd-9cbc-12316b73d0d4": {
    "asset": 1649745263000,
    "meta": 1653569505505,
    "relativePath": "resources/effects/builtin-clear-stencil.effect"
  },
  "f5331fd2-bf42-4ee3-a3fd-3e1657600eff": {
    "asset": 1649745263000,
    "meta": 1653569505506,
    "relativePath": "prefab/light/spot.prefab"
  },
  "6d91e591-4ce0-465c-809f-610ec95019c6": {
    "asset": 1649745263000,
    "meta": 1653569505519,
    "relativePath": "resources/effects/builtin-unlit.effect"
  },
  "6f801092-0c37-4f30-89ef-c8d960825b36": {
    "asset": 1649745263000,
    "meta": 1653569505631,
    "relativePath": "resources/materials/builtin-2d-base.mtl"
  },
  "e02d87d4-e599-4d16-8001-e14891ac6506": {
    "asset": 1649745263000,
    "meta": 1653569505631,
    "relativePath": "resources/materials/builtin-2d-label.mtl"
  },
  "3a7bb79f-32fd-422e-ada2-96f518fed422": {
    "asset": 1649745263000,
    "meta": 1653569505632,
    "relativePath": "resources/materials/builtin-2d-gray-sprite.mtl"
  },
  "a153945d-2511-4c14-be7b-05d242f47d57": {
    "asset": 1649745263000,
    "meta": 1653569505633,
    "relativePath": "resources/materials/builtin-2d-graphics.mtl"
  },
  "466d4f9b-e5f4-4ea8-85d5-3c6e9a65658a": {
    "asset": 1649745263000,
    "meta": 1653569505633,
    "relativePath": "resources/materials/builtin-3d-trail.mtl"
  },
  "eca5d2f2-8ef6-41c2-bbe6-f9c79d09c432": {
    "asset": 1649745263000,
    "meta": 1653569505634,
    "relativePath": "resources/materials/builtin-2d-sprite.mtl"
  },
  "7afd064b-113f-480e-b793-8817d19f63c3": {
    "asset": 1649745263000,
    "meta": 1653569505635,
    "relativePath": "resources/materials/builtin-2d-spine.mtl"
  },
  "432fa09c-cf03-4cff-a186-982604408a07": {
    "asset": 1649745263000,
    "meta": 1653569505635,
    "relativePath": "resources/materials/builtin-3d-particle.mtl"
  },
  "cf7e0bb8-a81c-44a9-ad79-d28d43991032": {
    "asset": 1649745263000,
    "meta": 1653569505636,
    "relativePath": "resources/materials/builtin-clear-stencil.mtl"
  },
  "2a296057-247c-4a1c-bbeb-0548b6c98650": {
    "asset": 1649745263000,
    "meta": 1653569505637,
    "relativePath": "resources/materials/builtin-unlit.mtl"
  },
  "954fec8b-cd16-4bb9-a3b7-7719660e7558": {
    "asset": 1649745263000,
    "meta": 1653569508380,
    "relativePath": "model/primitives.fbx"
  },
  "63f4ac30-326d-45c4-95b7-5c90168ccb60": {
    "asset": 1653826647389,
    "meta": 1653899522361,
    "relativePath": "Resources"
  },
  "865810c5-6f7f-46f8-b9f5-f3bf44adca83": {
    "asset": 1653569558878,
    "meta": 1653569558958,
    "relativePath": "Resources/tower3.png"
  },
  "f50a4a12-f1cd-429a-a96a-c5a85d6e7c04": {
    "asset": 1653739813151,
    "meta": 1653740292134,
    "relativePath": "Scenes"
  },
  "ef54dbba-257a-4be7-9973-039eec662909": {
    "asset": 1653917339747,
    "meta": 1653917339754,
    "relativePath": "Scenes/main.fire"
  },
  "dcae7451-15d9-46b7-84bd-5d53cb8105de": {
    "asset": 1653570434911,
    "meta": 1653570435014,
    "relativePath": "Resources/2821b.json"
  },
  "184ee4f0-bc02-4cfc-a65a-c73bf450395a": {
    "asset": 1653570434908,
    "meta": 1653570434935,
    "relativePath": "Resources/2821b.atlas.txt"
  },
  "3fff680e-abdb-44d5-81e9-5270e96221f3": {
    "asset": 1653812930785,
    "meta": 1653812930840,
    "relativePath": "Resources/Soul.json"
  },
  "23f27e2e-6a94-4b1c-960c-07afc55d57ba": {
    "asset": 1653812930785,
    "meta": 1653812930796,
    "relativePath": "Resources/Soul.atlas.txt"
  },
  "c05ad9e1-fbdb-42b7-9d8d-a497ed0046f0": {
    "asset": 1653812930786,
    "meta": 1653812930798,
    "relativePath": "Resources/Soul_SkeletonData.asset"
  },
  "549b71f0-5fd2-4e6a-92be-f91bdb74a58a": {
    "asset": 1653812930786,
    "meta": 1653812930800,
    "relativePath": "Resources/Soul_Material.mat"
  },
  "b694e1b8-864b-4067-a478-1c6a44629abb": {
    "asset": 1653812930786,
    "meta": 1653812930802,
    "relativePath": "Resources/Soul_Atlas.asset"
  },
  "f7ddfb6c-97f2-4b37-ab00-bcfb1e328af6": {
    "asset": 1653813320810,
    "meta": 1653813320850,
    "relativePath": "Resources/7740a.json"
  },
  "b1e6250c-814a-4427-9446-cb7275e2469c": {
    "asset": 1653813320810,
    "meta": 1653813320819,
    "relativePath": "Resources/7740a.atlas.txt"
  },
  "06d695db-d0bd-4259-af1e-092449909904": {
    "asset": 1653814138857,
    "meta": 1653814138860,
    "relativePath": "Animation/handmove.anim"
  },
  "41d35337-0c8f-4527-83a5-329752dfd9b7": {
    "asset": 1653913123734,
    "meta": 1653913123760,
    "relativePath": "Animation/pinmove.anim"
  },
  "5ea6f1fa-5e7b-45c9-b934-c79be1ad09c4": {
    "asset": 1653815416930,
    "meta": 1653815416940,
    "relativePath": "Resources/7557a.atlas.txt"
  },
  "a4bc155a-7cf4-4412-a475-9942dc71824f": {
    "asset": 1653815416930,
    "meta": 1653815416988,
    "relativePath": "Resources/7557a.json"
  },
  "82288702-b055-40f1-aea9-57a423a40a22": {
    "asset": 1653815639588,
    "meta": 1653899522362,
    "relativePath": "Scripts"
  },
  "b168043f-cc70-4246-af5a-7560853e8b7a": {
    "asset": 1653816198704,
    "meta": 1653816198708,
    "relativePath": "Resources/Baloo2-VariableFont_wght.ttf"
  },
  "ddc85b93-8c11-4015-9531-fba434fd06f2": {
    "asset": 1653816339042,
    "meta": 1653816339051,
    "relativePath": "Animation/scale.anim"
  },
  "f5361dcf-208e-411f-9e33-17ebb6dd3371": {
    "asset": 1653804962000,
    "meta": 1653826599451,
    "relativePath": "Resources/box.png"
  },
  "c554e3ba-d087-43cd-9fd0-ae26526831c2": {
    "asset": 1653804962000,
    "meta": 1653826599474,
    "relativePath": "Resources/7740a.png"
  },
  "d156dd23-9544-43c7-88c3-8d31b12bbe79": {
    "asset": 1653804962000,
    "meta": 1653826599478,
    "relativePath": "Resources/Download-main-button.png"
  },
  "0a5cbd09-0fc4-414d-a4dd-7b52f5bd5b07": {
    "asset": 1653804962000,
    "meta": 1653826599485,
    "relativePath": "Resources/2821b.png"
  },
  "bc18bcfd-9a91-4c48-a724-eed22c8ee6a8": {
    "asset": 1653804962000,
    "meta": 1653826599495,
    "relativePath": "Resources/gold.png"
  },
  "9b07fdfc-340c-4d76-9790-9264af8dc07d": {
    "asset": 1653804962000,
    "meta": 1653826599497,
    "relativePath": "Resources/fire.png"
  },
  "595b1bab-ec3c-478c-abbc-26d02bfb3c74": {
    "asset": 1653804962000,
    "meta": 1653826599501,
    "relativePath": "Resources/7557a.png"
  },
  "407a1c83-910b-4132-9dce-efd0d3f3937f": {
    "asset": 1653804962000,
    "meta": 1653826599508,
    "relativePath": "Resources/hand-bend.png"
  },
  "fe835f5f-3f9f-4d8c-835b-8d5fd7b90ec0": {
    "asset": 1653804962000,
    "meta": 1653826599521,
    "relativePath": "Resources/pin-holder.png"
  },
  "f33b1740-6dbf-4372-99d7-5851b75b4d4e": {
    "asset": 1653804962000,
    "meta": 1653826599542,
    "relativePath": "Resources/pin-holder2.png"
  },
  "6dadbcbc-7408-461c-ae9e-11198abf098c": {
    "asset": 1653804962000,
    "meta": 1653826599545,
    "relativePath": "Resources/pin-holder3.png"
  },
  "b2c5d337-92fb-4c05-b3f9-885b636d9f29": {
    "asset": 1653804962000,
    "meta": 1653826599550,
    "relativePath": "Resources/logo-dv.png"
  },
  "4152f9bc-bb9a-4292-96df-ec266f2b24db": {
    "asset": 1653804962000,
    "meta": 1653826599556,
    "relativePath": "Resources/pin.png"
  },
  "71a55fbb-f165-4f93-acef-e297bf948f46": {
    "asset": 1653804962000,
    "meta": 1653826599584,
    "relativePath": "Resources/pin2.png"
  },
  "a6d1fc6b-3216-43bd-8c07-ae9f2dc0e742": {
    "asset": 1653804964000,
    "meta": 1653826599612,
    "relativePath": "Resources/stone.png"
  },
  "dbab504f-1d6e-499d-bbf6-929796de7864": {
    "asset": 1653804962000,
    "meta": 1653826599630,
    "relativePath": "Resources/pull-pin-bg-night.png"
  },
  "af4afdee-0e91-46da-9d53-1485a8b46d60": {
    "asset": 1653804962000,
    "meta": 1653826599632,
    "relativePath": "Resources/Soul.png"
  },
  "7fabe23e-0cea-4889-a1c3-1318a2d23c08": {
    "asset": 1653804964000,
    "meta": 1653826599653,
    "relativePath": "Resources/stone2.png"
  },
  "a8034b00-64a8-42a6-b579-cb1008b1278a": {
    "asset": 1653804964000,
    "meta": 1653826599667,
    "relativePath": "Resources/tower1.png"
  },
  "f67ec340-7a96-419e-8725-ce77fb8bd779": {
    "asset": 1653804964000,
    "meta": 1653826599678,
    "relativePath": "Resources/tower2.png"
  },
  "bcb0c7f0-75de-438a-83af-d82d1ef2b2b7": {
    "asset": 1653826647387,
    "meta": 1653826648235,
    "relativePath": "Resources/fight-dragon.mp3"
  },
  "237d7786-a126-4396-a55a-16c568bb35a9": {
    "asset": 1653826647387,
    "meta": 1653826648237,
    "relativePath": "Resources/bg-music-loop.mp3"
  },
  "626ca592-ea6b-4d9d-a3eb-422dc549d879": {
    "asset": 1653816288191,
    "meta": 1653899522360,
    "relativePath": "Animation"
  },
  "88e88809-5bdf-4ca6-aba6-aca1329192d0": {
    "asset": 1653917792305,
    "meta": 1653917809703,
    "relativePath": "Scripts/game.js"
  }
}