{
  "__type__": "sp.SkeletonData",
  "_name": "Soul",
  "_objFlags": 0,
  "_native": "",
  "_skeletonJson": {
    "skeleton": {
      "hash": "7MdVae4RZRnXLdQRx/absxoH6qM",
      "spine": "3.8.95",
      "x": -353.36,
      "y": 27,
      "width": 684,
      "height": 937
    },
    "bones": [
      {
        "name": "root"
      },
      {
        "name": "bone",
        "parent": "root",
        "x": -25.71,
        "y": 708.37
      },
      {
        "name": "bone2",
        "parent": "bone",
        "length": 148.48,
        "rotation": -90,
        "y": -51.97
      },
      {
        "name": "bone3",
        "parent": "bone2",
        "length": 174.62,
        "rotation": 2.44,
        "x": 174.46,
        "y": 3.71
      },
      {
        "name": "bone4",
        "parent": "bone3",
        "length": 186.93,
        "rotation": 4.41,
        "x": 207.84,
        "y": -5.13
      }
    ],
    "slots": [
      {
        "name": "Layer 1",
        "bone": "root",
        "attachment": "Layer 1",
        "blend": "additive"
      }
    ],
    "skins": [
      {
        "name": "default",
        "attachments": {
          "Layer 1": {
            "Layer 1": {
              "type": "mesh",
              "uvs": [
                1,
                0.40025,
                1,
                0.66985,
                1,
                0.84168,
                1,
                1,
                0.49268,
                1,
                0,
                1,
                0,
                0.88909,
                0,
                0.67874,
                0,
                0.43284,
                0,
                0,
                0.47644,
                0,
                1,
                0,
                0.48131,
                0.29955,
                0.48558,
                0.56305,
                0.489,
                0.77344
              ],
              "triangles": [
                4,
                2,
                3,
                4,
                6,
                14,
                4,
                14,
                2,
                4,
                5,
                6,
                6,
                7,
                14,
                14,
                1,
                2,
                7,
                13,
                14,
                14,
                13,
                1,
                7,
                8,
                13,
                13,
                0,
                1,
                13,
                12,
                0,
                8,
                12,
                13,
                12,
                9,
                10,
                12,
                8,
                9,
                12,
                11,
                0,
                12,
                10,
                11
              ],
              "vertices": [
                3,
                2,
                67.43,
                356.35,
                0.42394,
                3,
                -91.94,
                356.87,
                0.56783,
                4,
                -271.09,
                383.96,
                0.00823,
                3,
                2,
                320.05,
                356.35,
                0.02999,
                3,
                160.44,
                346.13,
                0.71376,
                4,
                -20.27,
                353.86,
                0.25624,
                2,
                3,
                321.31,
                339.29,
                0.41443,
                4,
                139.59,
                334.68,
                0.58557,
                2,
                3,
                469.51,
                332.98,
                0.27249,
                4,
                286.87,
                317.01,
                0.72751,
                2,
                3,
                454.76,
                -13.72,
                0.00065,
                4,
                245.53,
                -27.53,
                0.99935,
                2,
                3,
                440.43,
                -350.4,
                0.00879,
                4,
                205.38,
                -362.12,
                0.99121,
                3,
                2,
                525.47,
                -327.65,
                0.01065,
                3,
                336.6,
                -345.98,
                0.04658,
                4,
                102.19,
                -349.74,
                0.94277,
                3,
                2,
                328.38,
                -327.65,
                0.18124,
                3,
                139.68,
                -337.6,
                0.26207,
                4,
                -93.5,
                -326.26,
                0.55669,
                3,
                2,
                97.97,
                -327.65,
                0.75766,
                3,
                -90.51,
                -327.81,
                0.13373,
                4,
                -322.26,
                -298.81,
                0.10861,
                1,
                2,
                -307.6,
                -327.65,
                1,
                2,
                2,
                -307.6,
                -1.76,
                0.99254,
                3,
                -481.86,
                15.03,
                0.00746,
                2,
                2,
                -307.6,
                356.35,
                0.87969,
                3,
                -466.64,
                372.82,
                0.12031,
                2,
                2,
                -26.93,
                1.56,
                0.9967,
                3,
                -201.3,
                6.42,
                0.0033,
                2,
                3,
                45.5,
                -1.16,
                0.99976,
                4,
                -161.56,
                16.43,
                0.00024,
                1,
                4,
                34.45,
                -4.74,
                1
              ],
              "hull": 12
            }
          }
        }
      }
    ],
    "animations": {
      "1": {
        "slots": {
          "Layer 1": {
            "color": [
              {
                "color": "ffffff00"
              },
              {
                "time": 0.2,
                "color": "fffffffd"
              },
              {
                "time": 1,
                "color": "ffffffc2"
              },
              {
                "time": 1.3333,
                "color": "ffffff00"
              }
            ]
          }
        },
        "bones": {
          "bone": {
            "translate": [
              {},
              {
                "time": 1.3333,
                "y": 1165.64
              }
            ],
            "scale": [
              {
                "x": 0.325,
                "y": 0.325
              },
              {
                "time": 1.3333
              }
            ]
          },
          "bone2": {
            "rotate": [
              {},
              {
                "time": 0.2,
                "angle": -6.28
              },
              {
                "time": 0.5333,
                "angle": 5.8
              },
              {
                "time": 0.9,
                "angle": -5.14
              }
            ]
          },
          "bone3": {
            "rotate": [
              {},
              {
                "time": 0.3667,
                "angle": -6.28
              },
              {
                "time": 0.7,
                "angle": 5.8
              },
              {
                "time": 1.0667,
                "angle": -5.14
              }
            ],
            "scale": [
              {},
              {
                "time": 1.3333,
                "x": 1.089
              }
            ]
          },
          "bone4": {
            "rotate": [
              {},
              {
                "time": 0.5333,
                "angle": -6.28
              },
              {
                "time": 0.8667,
                "angle": 5.8
              },
              {
                "time": 1.2333,
                "angle": -5.14
              }
            ],
            "scale": [
              {},
              {
                "time": 1.3333,
                "x": 1.409
              }
            ]
          }
        }
      }
    }
  },
  "_atlasText": "\r\nSoul.png\r\nsize: 688,941\r\nformat: RGBA8888\r\nfilter: Linear,Linear\r\nrepeat: none\r\nLayer 1\r\n  rotate: false\r\n  xy: 2, 2\r\n  size: 684, 937\r\n  orig: 684, 937\r\n  offset: 0, 0\r\n  index: -1\r\n",
  "textures": [
    {
      "__uuid__": "af4afdee-0e91-46da-9d53-1485a8b46d60"
    }
  ],
  "textureNames": [
    "Soul.png"
  ],
  "scale": 1
}