{
  "__type__": "cc.AnimationClip",
  "_name": "handmove",
  "_objFlags": 0,
  "_native": "",
  "_duration": 1,
  "sample": 60,
  "speed": 0.5,
  "wrapMode": 2,
  "curveData": {
    "props": {
      "position": [
        {
          "frame": 0,
          "value": [
            217.318,
            234.599,
            0
          ]
        },
        {
          "frame": 0.5,
          "value": [
            63.557,
            371.463,
            0
          ]
        },
        {
          "frame": 1,
          "value": [
            217.318,
            234.599,
            0
          ]
        }
      ]
    }
  },
  "events": []
}