{
  "__type__": "cc.TextAsset",
  "_name": "7557a.atlas",
  "_objFlags": 0,
  "_native": "",
  "text": "\n7557a.png\nsize: 1598,1107\nformat: RGBA8888\nfilter: Linear,Linear\nrepeat: none\na1\n  rotate: true\n  xy: 2, 43\n  size: 449, 496\n  orig: 449, 496\n  offset: 0, 0\n  index: -1\na10\n  rotate: false\n  xy: 500, 245\n  size: 418, 244\n  orig: 418, 244\n  offset: 0, 0\n  index: -1\na11\n  rotate: true\n  xy: 1196, 426\n  size: 286, 259\n  orig: 286, 259\n  offset: 0, 0\n  index: -1\na12\n  rotate: false\n  xy: 618, 491\n  size: 576, 614\n  orig: 576, 614\n  offset: 0, 0\n  index: -1\na13\n  rotate: true\n  xy: 2, 494\n  size: 611, 614\n  orig: 611, 614\n  offset: 0, 0\n  index: -1\na2\n  rotate: false\n  xy: 1196, 714\n  size: 387, 391\n  orig: 387, 391\n  offset: 0, 0\n  index: -1\na3\n  rotate: true\n  xy: 1389, 51\n  size: 205, 169\n  orig: 205, 169\n  offset: 0, 0\n  index: -1\na4\n  rotate: false\n  xy: 1457, 495\n  size: 139, 217\n  orig: 139, 217\n  offset: 0, 0\n  index: -1\na5\n  rotate: true\n  xy: 920, 181\n  size: 308, 238\n  orig: 308, 238\n  offset: 0, 0\n  index: -1\na6\n  rotate: true\n  xy: 1160, 46\n  size: 210, 227\n  orig: 210, 227\n  offset: 0, 0\n  index: -1\na7\n  rotate: false\n  xy: 824, 2\n  size: 321, 177\n  orig: 321, 177\n  offset: 0, 0\n  index: -1\na8\n  rotate: false\n  xy: 500, 6\n  size: 322, 237\n  orig: 322, 237\n  offset: 0, 0\n  index: -1\na9\n  rotate: false\n  xy: 1160, 258\n  size: 340, 166\n  orig: 340, 166\n  offset: 0, 0\n  index: -1\n"
}