{
  "__type__": "cc.AnimationClip",
  "_name": "pinmove",
  "_objFlags": 0,
  "_native": "",
  "_duration": 1,
  "sample": 60,
  "speed": 0.5,
  "wrapMode": 2,
  "curveData": {
    "props": {
      "position": [
        {
          "frame": 0,
          "value": [
            0,
            166.006,
            0
          ]
        },
        {
          "frame": 0.5,
          "value": [
            0,
            166.006,
            0
          ]
        },
        {
          "frame": 0.75,
          "value": [
            0,
            355,
            0
          ]
        },
        {
          "frame": 1,
          "value": [
            0,
            166.006,
            0
          ]
        }
      ]
    }
  },
  "events": []
}