{"skeleton":{"hash":"AdkOnFnin1KjeP3wjQP9PkNM2WA","spine":"3.8.95","x":-254.19,"y":10.86,"width":943.9,"height":808.53,"images":"","audio":""},"bones":[{"name":"root"},{"name":"bone","parent":"root","length":96.82,"rotation":-171.81,"x":76.11,"y":235.02},{"name":"bone2","parent":"bone","length":101.8,"rotation":-13.49,"x":99.51,"y":-0.87,"color":"fa0d0dff"},{"name":"bone3","parent":"bone2","length":98.67,"rotation":-86.26,"x":105.85,"y":-3.36,"color":"fa0d0dff"},{"name":"bone4","parent":"bone","length":82.88,"rotation":166.75,"x":-4.41,"y":0.04,"color":"030f43ff"},{"name":"bone5","parent":"bone4","length":86.71,"rotation":-7.47,"x":82.88,"color":"030f43ff"},{"name":"bone6","parent":"bone5","length":65.24,"rotation":-6.82,"x":86.71,"color":"030f43ff"},{"name":"bone7","parent":"bone6","length":67.8,"rotation":21.13,"x":68.1,"y":0.07,"color":"030f43ff"},{"name":"bone8","parent":"bone7","length":45.24,"rotation":15.71,"x":70.17,"y":-0.76,"color":"030f43ff"},{"name":"bone9","parent":"bone8","length":35.77,"rotation":53.61,"x":47.97,"y":0.12,"color":"030f43ff"},{"name":"bone44","parent":"bone9","length":38.31,"rotation":25.65,"x":33.61,"y":0.24,"color":"030f43ff"},{"name":"bone10","parent":"bone44","length":58.11,"rotation":0.71,"x":38.99,"y":0.27,"color":"030f43ff"},{"name":"bone11","parent":"bone10","length":53.73,"rotation":27.68,"x":58.11,"color":"030f43ff"},{"name":"bone12","parent":"bone11","length":38.75,"rotation":51.31,"x":53.74,"y":-0.72,"color":"030f43ff"},{"name":"bone13","parent":"bone12","length":43.38,"rotation":22.9,"x":39.31,"y":-0.29,"color":"030f43ff"},{"name":"bone14","parent":"bone3","length":102.17,"rotation":-22.27,"x":93.49,"y":-2.68,"color":"84ffafff"},{"name":"bone16","parent":"bone2","length":117.83,"rotation":-106,"x":57.99,"y":-79.88,"color":"02450dff"},{"name":"bone17","parent":"bone16","length":99.73,"rotation":50.21,"x":124.21,"y":-1.9,"color":"02450dff"},{"name":"bone18","parent":"bone17","length":483.6,"rotation":-86.12,"x":104.8,"y":-4.29,"color":"02450dff"},{"name":"bone19","parent":"bone17","length":238.17,"rotation":-136.75,"x":74.19,"y":-11.2,"color":"02450dff"},{"name":"back hand","parent":"root","x":-154.9,"y":48.11,"color":"ff3f00ff"},{"name":"bone20","parent":"bone","length":126.1,"rotation":102.28,"x":221.22,"y":-67.52,"color":"6b0505ff"},{"name":"bone21","parent":"bone20","length":107.99,"rotation":-42.04,"x":139.58,"y":-2.71,"color":"6b0505ff"},{"name":"bone22","parent":"bone21","length":106.16,"rotation":-59.38,"x":110.94,"y":-3.6,"color":"6b0505ff"},{"name":"Back leg","parent":"root","x":104.57,"y":82.94,"color":"ff3f00ff"},{"name":"bone23","parent":"bone","length":140.36,"rotation":79.27,"x":-58.89,"y":-41.08,"color":"ff0a96ff"},{"name":"bone25","parent":"bone23","length":69.56,"rotation":-20.19,"x":151.83,"y":2.89,"color":"ff0a96ff"},{"name":"pp","parent":"root","x":-3.97,"y":70.22,"color":"ff3f00ff"},{"name":"bone26","parent":"bone25","length":98.49,"rotation":-64.45,"x":71.17,"y":0.28,"color":"ff0a96ff"},{"name":"front hand","parent":"root","x":-97.47,"y":38.83,"color":"ff3f00ff"},{"name":"bone27","parent":"bone","length":119.19,"rotation":93.34,"x":165.55,"y":-44.89,"color":"fb0aceff"},{"name":"bone28","parent":"bone27","length":87.79,"rotation":-36.87,"x":148.14,"y":-3.67,"color":"fb0aceff"},{"name":"front hand top","parent":"root","x":-212.03,"y":24.22,"color":"ff3f00ff"},{"name":"bone29","parent":"bone28","length":116.86,"rotation":-66.43,"x":93.21,"y":0.53,"color":"fb0aceff"},{"name":"ooo","parent":"root","x":180.3,"y":54.06,"color":"ff3f00ff"},{"name":"bone30","parent":"bone","length":139.4,"rotation":76.77,"x":-120.33,"y":-14.38,"color":"660000ff"},{"name":"bone32","parent":"bone30","length":82.18,"rotation":-20.99,"x":143.59,"y":5,"color":"660000ff"},{"name":"555","parent":"root","x":86.68,"y":43.44,"color":"ff3f00ff"},{"name":"bone33","parent":"bone32","length":96.41,"rotation":-59.47,"x":81.93,"y":1.68,"color":"660000ff"},{"name":"bone39","parent":"bone2","length":143.86,"rotation":-109.98,"x":-1.31,"y":-62.28,"color":"6ff805ff"},{"name":"bone40","parent":"bone39","length":124.12,"rotation":35.66,"x":143.86,"color":"6ff805ff"},{"name":"bone41","parent":"bone40","length":439.73,"rotation":-83.38,"x":124.12,"color":"6ff805ff"},{"name":"bone42","parent":"bone40","length":285.41,"rotation":-132.09,"x":91.19,"y":-2.05,"color":"6ff805ff"},{"name":"bone15","parent":"bone14","length":101.76,"rotation":26.57,"x":137.36,"y":26.36,"color":"84ffafff"},{"name":"bone34","parent":"bone15","length":114.77,"rotation":105.9,"x":4.64,"y":-1.51,"color":"84ffafff"},{"name":"bone35","parent":"bone15","length":23.13,"rotation":172.6,"x":39.1,"y":65.58,"color":"84ffafff"}],"slots":[{"name":"b11","bone":"bone16","attachment":"b11"},{"name":"b17","bone":"bone5","attachment":"b17"},{"name":"b16","bone":"bone12","attachment":"b16"},{"name":"b15","bone":"bone23","attachment":"b15"},{"name":"b14","bone":"bone26","attachment":"b14"},{"name":"b13","bone":"bone20","attachment":"b13"},{"name":"b12","bone":"bone22","attachment":"b12"},{"name":"b10","bone":"bone","attachment":"b10"},{"name":"b9","bone":"bone30","attachment":"b9"},{"name":"b7","bone":"bone2","attachment":"b7"},{"name":"b5","bone":"bone27","attachment":"b5"},{"name":"b8","bone":"bone33","attachment":"b8"},{"name":"b4","bone":"bone29","attachment":"b4"},{"name":"b3","bone":"bone34","attachment":"b3"},{"name":"b2","bone":"bone15","attachment":"b2"},{"name":"b1","bone":"bone35","attachment":"b1"},{"name":"b6","bone":"bone39","attachment":"b6"}],"ik":[{"name":"555","order":5,"bones":["bone33"],"target":"555"},{"name":"back hand","order":6,"bones":["bone20","bone21"],"target":"back hand","bendPositive":false},{"name":"back leg","order":2,"bones":["bone23","bone25"],"target":"Back leg","bendPositive":false},{"name":"front hand","bones":["bone27","bone28"],"target":"front hand","bendPositive":false},{"name":"front hand top","order":1,"bones":["bone29"],"target":"front hand top"},{"name":"ooo","order":4,"bones":["bone30","bone32"],"target":"ooo","bendPositive":false},{"name":"pp","order":3,"bones":["bone26"],"target":"pp"}],"skins":[{"name":"default","attachments":{"b1":{"b1":{"x":5.73,"y":4.46,"rotation":94.65,"width":71,"height":38}},"b2":{"b2":{"x":82.76,"y":13.72,"rotation":-92.75,"width":291,"height":270}},"b3":{"b3":{"x":58.63,"y":-21.29,"rotation":161.35,"width":167,"height":140}},"b4":{"b4":{"x":28,"y":-5.44,"rotation":175.16,"width":82,"height":52}},"b5":{"b5":{"type":"mesh","uvs":[0.41115,1,0.30425,1,0.20105,0.9137,0.41484,0.83184,0.49224,0.65477,0,0.4739,0,0.3254,0.19367,0.08551,0.56965,0,0.75395,0,0.54016,0.1331,0.82399,0.2283,0.99723,0.39394,1,0.53102,0.8996,0.64385,0.76132,0.77662,0.83136,0.90609,0.69129,0.90799,0.4775,1,0.49962,0.87753,0.6812,0.65745,0.41484,0.38061],"triangles":[18,0,19,0,1,19,1,2,3,18,19,17,1,3,19,17,15,16,15,17,20,3,4,19,17,19,20,19,4,20,15,20,14,12,14,20,5,21,4,21,11,20,20,4,21,14,12,13,12,20,11,5,6,21,21,10,11,6,7,21,21,7,10,10,8,9,10,7,8],"vertices":[1,33,-1.82,13.05,1,1,33,16.5,11.5,1,2,31,94.26,-36.28,0.22397,33,31.76,-18.64,0.77603,2,31,53.21,-16.02,0.99885,33,-7.18,-42.7,0.00115,2,30,123.03,-22.8,0.72076,31,-5.33,-31.12,0.27924,1,30,42.03,-87.88,1,1,30,-5.55,-74.42,1,1,30,-73.36,-20.63,1,1,30,-83.16,49.35,1,1,30,-74.53,79.85,1,1,30,-41.89,32.4,1,1,30,1.9,70.75,1,1,30,63.09,84.41,1,2,30,107.14,72.45,0.97628,31,-81.88,27.75,0.02372,2,30,138.6,45.61,0.70486,31,-40.57,29.55,0.29514,2,30,174.67,10.69,0.00351,31,9.63,28.59,0.99649,2,31,42.47,59,1,33,-76.48,-12.01,0,2,31,54.04,37.86,0.99484,33,-52.42,-13.41,0.00516,2,31,98.1,19.14,0.28165,33,-13.19,14.01,0.71835,2,31,60.08,3.9,0.99827,33,-20.43,-26.3,0.00173,2,30,132.73,8.23,0.59311,31,-19.38,-1.8,0.40689,1,30,31.56,-10.77,1],"hull":19,"edges":[0,2,2,4,4,6,6,8,8,10,10,12,12,14,14,16,16,18,18,20,20,22,22,24,24,26,30,32,32,34,34,36,0,36,2,38,6,38,38,34,26,28,28,30,8,40,40,28,38,40,40,42,12,42,42,22],"width":172,"height":333}},"b6":{"b6":{"x":340.55,"y":-212.02,"rotation":-64.71,"width":736,"height":496}},"b7":{"b7":{"type":"mesh","uvs":[1,0.04456,0.99999,0.1523,1,0.274,0.93428,0.42164,0.75856,0.5633,0.78477,0.60987,0.88604,0.63113,0.93083,0.73488,0.78388,0.88978,0.67932,1,0.36923,1,0.16251,0.89848,0,0.70495,0,0.63113,0.13495,0.50943,0.26243,0.46354,0.38646,0.46155,0.42091,0.37376,0.33134,0.28797,0.23142,0.21215,0.34167,0.09843,0.50016,0,0.71377,0,0.47281,0.78382,0.40369,0.6431,0.5299,0.50077,0.64486,0.35181,0.6173,0.20218],"triangles":[26,17,27,17,18,27,26,27,2,18,20,27,18,19,20,27,1,2,20,21,27,27,22,1,27,21,22,1,22,0,5,25,4,5,24,25,24,16,25,25,26,4,4,26,3,16,17,25,25,17,26,3,26,2,10,11,23,11,24,23,11,12,24,23,24,5,24,15,16,15,24,14,24,12,14,12,13,14,10,23,9,9,23,8,8,6,7,8,23,6,23,5,6],"vertices":[2,15,266.55,-32.3,0.03983,43,89.3,-110.25,0.96017,2,15,226.04,-50.18,0.1307,43,45.07,-108.12,0.8693,2,15,180.28,-70.38,0.41555,43,-4.89,-105.72,0.58445,3,2,-4.76,-183.54,0.00195,15,118.45,-80.58,0.85675,43,-64.75,-87.18,0.1413,3,2,31.5,-121.71,0.14085,3,113.24,-81.91,0.00462,15,48.3,-65.84,0.85453,3,2,23.53,-103.22,0.35448,3,94.28,-88.67,0.02075,15,33.31,-79.28,0.62477,3,2,-1.28,-96.75,0.53929,3,86.19,-113,0.00793,15,35.05,-104.86,0.45278,2,2,-15.84,-55.28,0.74181,15,0.35,-131.83,0.25819,2,2,13.11,11.35,0.99991,15,-72.02,-125.55,9.0E-5,2,2,33.7,58.75,0.99997,15,-123.51,-121.08,3.0E-5,3,2,107.19,65.57,0.93908,3,-68.7,5.84,0.06092,15,-153.32,-53.57,0,2,2,160.03,28.57,0.21208,3,-28.32,56.15,0.78792,1,3,50.14,96.98,1,1,3,80.46,97.8,1,2,3,131.34,67.05,0.98782,15,8.61,78.87,0.01218,2,3,151.02,37.24,0.80663,15,38.11,58.74,0.19337,3,3,152.64,7.75,0.28733,15,50.79,32.06,0.70464,43,-74.87,43.83,0.00803,3,3,188.93,0.53,0.00591,15,87.11,39.14,0.66952,43,-39.23,33.91,0.32458,2,15,110.75,72.88,0.07667,43,-2.99,53.51,0.92333,2,15,129.65,107.22,5.0E-5,43,29.28,75.77,0.99995,1,43,74.71,47.32,1,1,43,113.3,7.7,1,2,15,255.79,37.42,0.00109,43,110.86,-43.08,0.99891,3,2,90.85,-25.17,0.33505,3,20.79,-16.39,0.65194,15,-62.08,-40.24,0.01301,1,3,78.16,1.62,1,2,2,88.07,-142.27,0.00318,15,49.83,-5.68,0.99682,2,15,116.89,-5.98,0.80603,43,-32.78,-19.76,0.19397,2,15,170.5,24.86,0.02098,43,28.97,-16.16,0.97902],"hull":23,"edges":[20,22,22,24,24,26,26,28,28,30,30,32,32,34,34,36,36,38,38,40,40,42,42,44,44,0,0,2,2,4,4,6,6,8,12,14,18,20,14,16,16,18,12,46,46,22,16,46,46,48,8,10,10,12,48,10,48,24,8,50,50,32,48,50,50,52,34,52,52,6,36,54,54,2,52,54,54,42],"width":238,"height":411}},"b8":{"b8":{"x":38.66,"y":12.01,"rotation":173.91,"width":86,"height":53}},"b9":{"b9":{"type":"mesh","uvs":[0,0.29805,0.10414,0.02678,0.51022,0,0.83508,0.06511,0.90614,0.33638,0.88584,0.44547,1,0.43073,1,0.62238,1,0.71969,0.88076,0.76391,1,0.83468,0.95183,0.9939,0.52523,0.99775,0.27673,1,0.27165,0.91429,0.52545,0.66956,0.09907,0.57226,0.00262,0.47791,0.72849,0.62828,0.54068,0.8907,0.46454,0.40124],"triangles":[13,14,12,12,19,11,12,14,19,14,15,19,19,9,11,11,9,10,19,18,9,19,15,18,8,9,7,9,18,7,18,5,7,16,20,15,15,20,18,18,20,5,5,6,7,20,16,0,16,17,0,5,20,4,0,1,20,20,3,4,20,2,3,20,1,2],"vertices":[1,35,41.01,-99.97,1,1,35,-30.45,-75.29,1,1,35,-30.44,-10.72,1,1,35,-7.05,38.28,1,2,35,67.53,41.11,0.98745,36,-83.8,-8.15,0.01255,2,35,96.65,34.57,0.79361,36,-55.47,1.22,0.20639,2,35,94.71,52.95,0.65392,36,-66.59,15.98,0.34608,3,35,146.5,47.06,0.099,36,-19.14,37.57,0.89841,38,-82.29,-68.79,0.00259,2,36,4.95,48.53,0.97141,38,-79.48,-42.47,0.02859,2,36,23.7,36.36,0.84871,38,-59.47,-32.5,0.15129,2,36,33.42,61.48,0.53956,38,-76.16,-11.37,0.46044,2,36,75.99,72.49,0.24384,38,-64,30.89,0.75616,2,36,104.86,11.58,0,38,3.13,24.78,1,2,36,121.68,-23.91,1.0E-5,38,42.24,21.23,0.99999,2,36,100.79,-34.29,6.1E-4,38,40.57,-2.04,0.99939,2,35,150.79,-28.89,0.48476,36,23.6,-25.36,0.51524,1,35,116.88,-92.84,1,1,35,89.66,-105.08,1,2,35,143.25,4.25,0.09371,36,0.09,-0.81,0.90629,2,36,77.35,1.74,0.6471,38,-2.38,-3.91,0.3529,1,35,77.18,-30.21,1],"hull":18,"edges":[0,2,2,4,4,6,6,8,8,10,10,12,16,18,18,20,20,22,26,28,28,30,30,32,32,34,0,34,30,36,12,14,14,16,36,14,36,38,22,24,24,26,38,24,36,40,40,4],"width":158,"height":272}},"b10":{"b10":{"type":"mesh","uvs":[0.81005,0.1153,1,0.28067,1,0.60824,0.9399,0.87112,0.74526,0.84452,0.55189,0.86063,0.335,0.99999,0.13117,0.99463,0,0.83378,1.0E-5,0.5438,0.04233,0.2753,0.1364,0.08592,0.30364,0,0.36897,0,0.53621,0,0.31409,0.52769,0.1573,0.46862,0.76856,0.49481,0.53912,0.46916],"triangles":[10,11,16,9,10,16,15,16,11,15,12,13,15,11,12,15,13,18,16,8,9,8,16,7,6,7,15,16,15,7,5,6,15,13,14,18,5,18,4,15,18,5,18,14,0,17,18,0,1,17,0,17,1,2,4,18,17,4,17,2,3,4,2],"vertices":[2,5,1.37,77.82,0.55772,4,94.35,76.98,0.44228,2,5,84.76,62.47,0.99893,4,175.03,50.93,0.00107,1,5,98.97,-1.49,1,2,5,86.26,-58.17,0.9893,4,160.85,-68.88,0.0107,3,5,7.02,-70.33,0.4597,4,80.7,-70.64,0.49798,1,-66.77,87.3,0.04232,4,5,-69.87,-90.71,0.00644,4,1.82,-80.87,0.29554,1,12.35,79.18,0.69562,2,-103.42,57.51,0.0024,2,1,104.56,94.07,0.58086,2,-17.24,93.5,0.41914,3,1,187.32,81.08,0.06137,2,66.28,100.17,0.93152,3,-105.9,-32.73,0.00711,3,1,236.1,41.56,6.0E-5,2,122.93,73.12,0.88781,3,-75.2,22.04,0.11213,2,2,128.28,15.37,0.34962,3,-17.23,23.61,0.65038,3,4,-217.13,17.26,0,2,115.93,-39.7,2.0E-5,3,36.92,7.68,0.99997,4,4,-181.96,58.4,0.01832,1,159.32,-98.5,1.3E-4,2,80.93,-80.99,0.29699,3,75.84,-29.94,0.68457,4,4,-115.01,81.58,0.16814,1,88.84,-105.72,0.09682,2,14.07,-104.45,0.51472,3,94.88,-98.18,0.22032,4,4,-88.26,83.95,0.29498,1,62.26,-101.9,0.16064,2,-12.66,-106.93,0.41448,3,95.61,-125.02,0.1299,5,5,-113.5,75.91,0.00112,4,-19.79,90.02,0.8,1,-5.78,-92.11,0.0759,2,-81.1,-113.28,0.10416,3,97.48,-193.73,0.01882,1,2,0.05,0.24,1,3,4,-166.64,-17.09,2.6E-4,2,65.3,-5.57,0.96572,3,-0.44,-40.61,0.03403,3,5,1.19,0.03,0.63075,4,84.06,-0.13,0.36925,1,-86.21,19.44,0,1,1,6.4,0.93,1],"hull":15,"edges":[12,10,10,8,8,6,12,14,14,16,16,18,18,20,20,22,26,28,2,0,12,30,22,24,24,26,30,24,14,32,32,20,2,4,4,6,0,34,34,8,4,34,10,36,36,28,34,36,36,30,30,32,28,0],"width":411,"height":200}},"b11":{"b11":{"x":316.53,"y":-136.65,"rotation":-68.7,"width":564,"height":535}},"b12":{"b12":{"x":16.24,"y":-0.32,"rotation":-176.04,"width":74,"height":47}},"b13":{"b13":{"type":"mesh","uvs":[0.41221,1,0.31408,0.97051,0.23403,0.94644,0.26718,0.88976,0.41221,0.83518,0.49923,0.65044,0.02684,0.49299,0,0.36912,0.08071,0.19488,0.53653,0,0.74786,0,0.56968,0.1382,1,0.36493,1,0.59375,0.76443,0.78059,0.8556,0.88136,0.77687,0.93385,0.6857,0.91075,0.50338,1,0.53009,0.86775,0.68301,0.62963,0.49923,0.35653],"triangles":[2,3,1,1,3,4,18,19,17,18,0,19,0,1,19,1,4,19,15,16,14,16,17,14,17,19,14,4,5,19,19,20,14,19,5,20,14,20,13,5,21,20,5,6,21,13,20,12,20,21,12,6,7,21,7,8,21,21,11,12,21,8,11,8,9,11,11,9,10],"vertices":[2,22,117.39,12.14,0.9764,23,-10.26,13.57,0.0236,1,23,3.81,4.42,1,2,22,117.63,-18.84,0.01111,23,16.53,-2,0.98889,2,22,99.61,-23.8,0.43476,23,11.62,-20.04,0.56524,2,22,73.36,-11.05,0.98839,23,-12.73,-36.13,0.01161,2,21,132.39,-32.62,0.3906,22,17.76,-25.12,0.6094,1,21,62.01,-82.93,1,1,21,25.63,-73.29,1,1,21,-19.01,-42.82,1,1,21,-48.81,43.44,1,1,21,-37.16,73.6,1,1,21,-8.04,33.14,1,1,21,79.54,69.9,1,2,21,144.01,45.02,0.65277,22,-32.98,34.79,0.34723,1,22,33.73,29.07,1,1,22,54.2,55.56,1,1,22,73.83,52.25,1,1,22,74.13,36.66,1,1,22,110.96,24.48,1,1,22,73.69,9.55,1,2,21,136.66,-4.13,0.13462,22,-0.86,-3.13,0.86538,1,21,49.59,-0.66,1],"hull":19,"edges":[4,6,6,8,8,10,10,12,12,14,14,16,16,18,18,20,20,22,22,24,24,26,26,28,28,30,30,32,32,34,34,36,0,36,0,2,2,4,8,38,38,34,2,38,10,40,40,26,38,40,40,42,14,42,42,24],"width":153,"height":302}},"b14":{"b14":{"x":26.2,"y":6.04,"rotation":174.03,"width":78,"height":50}},"b15":{"b15":{"type":"mesh","uvs":[0.76639,0.36238,1,0.32709,1,0.54844,0.87934,0.66072,0.8624,0.74092,1,0.79545,1,0.88849,0.87462,0.9566,0.76074,0.91736,0.69861,1,0.41451,1,0.25292,0.94356,0.24988,0.85021,0.38798,0.84678,0.50093,0.67034,0,0.50032,0,0,0.35229,0,0.72685,0,0.56621,0.88053,0.68587,0.66564,0.46232,0.43433],"triangles":[11,13,10,11,12,13,10,19,9,9,19,8,10,13,19,6,7,4,19,20,8,7,8,4,8,20,4,4,5,6,13,14,19,19,14,20,4,20,3,15,21,14,14,21,20,20,0,3,20,21,0,3,0,2,0,1,2,15,17,21,15,16,17,21,18,0,21,17,18],"vertices":[1,25,66.68,5.96,1,1,25,61.34,39.87,1,2,25,116.38,34.14,1,26,-47.21,-1.9,0,2,25,142.52,14.19,0.6867,26,-14.53,1.74,0.3133,1,26,2.8,12.11,1,1,26,1.62,35.91,1,2,26,20.01,50.15,0.99876,28,-71.4,-2.51,0.00124,2,26,44.37,46.49,0.97988,28,-51.92,12.58,0.02012,2,26,46.51,27.7,0.89376,28,-36.85,1.14,0.10624,2,26,68.25,33.37,0.52132,28,-25.93,20.76,0.47868,1,28,14.19,16.57,1,1,28,35.55,0.14,1,2,26,77.65,-39.93,0.2171,28,33.55,-23.11,0.7829,3,25,181.56,-60.03,0.00868,26,64.97,-24.95,0.67074,28,13.95,-21.92,0.32058,2,25,139.35,-39.51,0.66739,26,20.27,-39.28,0.33261,1,25,89.7,-105.85,1,1,25,-34.71,-92.89,1,1,25,-29.52,-43.13,1,1,25,-24.01,9.77,1,1,26,56.15,0.22,1,2,25,140.9,-13.27,0.7596,26,3.27,-19.23,0.2404,1,25,80.09,-38.85,1],"hull":19,"edges":[26,28,30,32,28,30,18,16,16,14,14,12,12,10,10,8,8,6,6,4,4,2,2,0,0,36,24,26,24,22,18,20,22,20,16,38,38,26,20,38,6,40,40,28,38,40,40,42,32,34,34,36,42,34,30,42,42,0],"width":142,"height":250}},"b16":{"b16":{"x":78.21,"y":34.63,"rotation":-177.45,"width":177,"height":143}},"b17":{"b17":{"type":"mesh","uvs":[1,0.20981,1,0.45467,1,0.61208,0.94464,0.78698,0.78774,0.96152,0.5059,1,0.23569,1,0,0.85694,0,0.61558,0.0846,0.47216,0.21244,0.42319,0.33157,0.49315,0.53205,0.61208,0.7151,0.59459,0.79355,0.53512,0.82411,0.47827,0.85747,0.41619,0.86038,0.26577,0.76449,0.12585,0.7151,0.08038,0.76449,0,0.85166,0,0.29216,0.70147,0.52065,0.78114,0.75429,0.79257,0.8825,0.6834,0.92961,0.55853,0.93775,0.43786,0.92228,0.24096,0.80428,0.0684],"triangles":[19,20,29,29,20,21,28,18,29,29,21,0,18,19,29,26,15,27,27,15,16,1,28,0,16,17,27,17,28,27,1,27,28,17,18,28,0,28,29,25,14,26,26,1,2,14,15,26,26,27,1,3,25,2,25,26,2,24,25,3,13,14,25,5,24,4,4,24,3,24,23,13,24,13,25,5,23,24,5,6,23,23,12,13,23,22,12,6,22,23,6,7,22,7,8,22,8,9,22,9,10,22,22,11,12,22,10,11],"vertices":[2,11,58.17,-26.05,0.64989,12,-12.05,-23.09,0.35011,2,9,73.25,-0.37,0.04381,10,35.47,-17.71,0.95619,1,9,35.28,-13.37,1,2,8,50.05,-16.85,0.66369,9,-12.42,-11.74,0.33631,2,7,73.38,-46.42,0.37662,8,-9.26,-44.82,0.62338,4,5,154.58,-63.19,0.02003,6,74.89,-54.69,0.55913,7,-13.4,-53.53,0.42076,8,-94.74,-28.18,7.0E-5,2,5,73.6,-81.19,0.60454,6,-3.38,-82.17,0.39546,2,5,-4.94,-61.27,0.99316,6,-83.73,-71.72,0.00684,1,5,-18.3,-1.19,1,1,5,-0.88,40.14,1,2,5,34.73,60.85,0.99828,6,-58.84,54.25,0.00172,2,5,74.3,51.37,0.81018,6,-18.42,49.53,0.18982,5,5,140.96,35.11,0.00464,6,49.7,41.3,0.7927,7,-2.3,45.09,0.19683,10,12.49,129.67,0.00503,11,-24.89,129.72,8.0E-4,5,6,101.24,64.13,0.03793,7,54,47.8,0.64218,8,-2.41,51.12,0.0805,10,10.32,73.34,0.18333,11,-27.76,73.42,0.05607,5,6,118.95,86.41,0.00113,7,78.55,62.21,0.23539,8,25.12,58.35,0.15776,10,22.55,47.64,0.40166,11,-15.86,47.57,0.20406,4,7,88.38,76.41,0.09879,8,38.42,69.36,0.0898,10,35.84,36.62,0.3666,11,-2.7,36.39,0.44481,4,7,99.11,91.91,0.02446,8,52.95,81.38,0.02322,10,50.36,24.59,0.07737,11,11.67,24.17,0.87496,2,11,49.58,18.31,0.63196,12,0.96,20.17,0.36804,2,12,47.08,23.71,0.75312,13,14.9,20.47,0.24688,2,12,65.29,29.43,0.14956,13,30.75,9.84,0.85044,1,13,16.89,-11.56,1,1,13,-9.82,-13.21,1,2,5,74.01,-3.12,0.99685,6,-12.24,-4.6,0.00315,2,5,146.9,-7.73,1.0E-5,6,60.68,-0.53,0.99999,1,7,64.46,-3.04,1,5,7,104.67,23.57,0.04801,8,39.8,14.08,0.68804,9,6.38,14.86,0.08497,10,-18.21,24.97,0.16077,11,-56.89,25.4,0.01821,4,7,120.11,54.94,0.01483,8,63.16,40.1,0.03019,10,11.71,6.86,0.91046,11,-27.2,6.93,0.04451,3,7,123.57,85.62,2.2E-4,8,74.79,68.7,2.1E-4,11,2.99,0.46,0.99957,3,10,92.4,-0.42,0,11,53.39,-1.36,0.98604,12,-4.81,0.99,0.01396,1,12,52.02,5.28,1],"hull":22,"edges":[16,18,18,20,20,22,22,24,24,26,26,28,32,34,34,36,36,38,38,40,14,16,14,12,10,12,8,10,8,6,6,4,4,2,2,0,40,42,42,0,28,30,30,32,12,44,44,22,16,44,10,46,46,24,44,46,8,48,48,26,46,48,6,50,50,28,48,50,4,52,52,30,50,52,2,54,54,32,52,54,0,56,56,34,54,56,36,58,58,42,56,58,58,40],"width":307,"height":255}}}}],"animations":{"1":{"bones":{"root":{"rotate":[{"curve":"stepped"},{"time":1.5}],"translate":[{"curve":"stepped"},{"time":1.5}],"scale":[{"curve":"stepped"},{"time":1.5}]},"bone":{"rotate":[{"curve":"stepped"},{"time":1.5}],"translate":[{"y":-23.91,"curve":"stepped"},{"time":0.3667,"y":-23.91},{"time":0.6667,"x":-18.79,"y":-23.91},{"time":1.0667,"x":-15.37,"y":-23.91},{"time":1.5,"y":-23.91}],"scale":[{"curve":"stepped"},{"time":1.5}]},"bone2":{"rotate":[{},{"time":0.8,"angle":4.99},{"time":1.5}],"translate":[{"curve":"stepped"},{"time":1.5}],"scale":[{"curve":"stepped"},{"time":1.5}]},"bone3":{"rotate":[{},{"time":0.5,"angle":4.04},{"time":1.1333,"angle":6.13},{"time":1.5}],"translate":[{"curve":"stepped"},{"time":1.5}],"scale":[{"curve":"stepped"},{"time":1.5}]},"bone4":{"rotate":[{"curve":"stepped"},{"time":1.5}],"translate":[{"curve":"stepped"},{"time":1.5}],"scale":[{"curve":"stepped"},{"time":1.5}]},"bone5":{"rotate":[{},{"time":0.8,"angle":11.31},{"time":1.5}],"translate":[{"curve":"stepped"},{"time":1.5}],"scale":[{"curve":"stepped"},{"time":1.5}]},"bone6":{"rotate":[{"curve":"stepped"},{"time":1.5}],"translate":[{"curve":"stepped"},{"time":1.5}],"scale":[{"curve":"stepped"},{"time":1.5}]},"bone7":{"rotate":[{"curve":"stepped"},{"time":1.5}],"translate":[{"curve":"stepped"},{"time":1.5}],"scale":[{"curve":"stepped"},{"time":1.5}]},"bone8":{"rotate":[{"curve":"stepped"},{"time":1.5}],"translate":[{"curve":"stepped"},{"time":1.5}],"scale":[{"curve":"stepped"},{"time":1.5}]},"bone9":{"rotate":[{"curve":"stepped"},{"time":1.5}],"translate":[{"curve":"stepped"},{"time":1.5}],"scale":[{"curve":"stepped"},{"time":1.5}]},"bone44":{"rotate":[{"curve":"stepped"},{"time":1.5}],"translate":[{"curve":"stepped"},{"time":1.5}],"scale":[{"curve":"stepped"},{"time":1.5}]},"bone10":{"rotate":[{"curve":"stepped"},{"time":1.5}],"translate":[{"curve":"stepped"},{"time":1.5}],"scale":[{"curve":"stepped"},{"time":1.5}]},"bone11":{"rotate":[{"curve":"stepped"},{"time":1.5}],"translate":[{"curve":"stepped"},{"time":1.5}],"scale":[{"curve":"stepped"},{"time":1.5}]},"bone12":{"rotate":[{"curve":"stepped"},{"time":1.5}],"translate":[{"curve":"stepped"},{"time":1.5}],"scale":[{"curve":"stepped"},{"time":1.5}]},"bone13":{"rotate":[{"curve":"stepped"},{"time":1.5}],"translate":[{"curve":"stepped"},{"time":1.5}],"scale":[{"curve":"stepped"},{"time":1.5}]},"bone14":{"rotate":[{},{"time":0.4667,"angle":3.83},{"time":1.1,"angle":6.63},{"time":1.5}],"translate":[{"curve":"stepped"},{"time":1.5}],"scale":[{"curve":"stepped"},{"time":1.5}]},"bone16":{"rotate":[{},{"time":0.7333,"angle":-5.79},{"time":1.5}],"translate":[{"curve":"stepped"},{"time":1.5}],"scale":[{"curve":"stepped"},{"time":1.5}]},"bone17":{"rotate":[{"curve":"stepped"},{"time":1.5}],"translate":[{"curve":"stepped"},{"time":1.5}],"scale":[{"curve":"stepped"},{"time":1.5}]},"bone18":{"rotate":[{"curve":"stepped"},{"time":1.5}],"translate":[{"curve":"stepped"},{"time":1.5}],"scale":[{"curve":"stepped"},{"time":1.5}]},"bone19":{"rotate":[{"curve":"stepped"},{"time":1.5}],"translate":[{"curve":"stepped"},{"time":1.5}],"scale":[{"curve":"stepped"},{"time":1.5}]},"back hand":{"rotate":[{"curve":"stepped"},{"time":1.5}],"translate":[{"y":-23.91,"curve":"stepped"},{"time":1.5,"y":-23.91}],"scale":[{"curve":"stepped"},{"time":1.5}]},"bone20":{"rotate":[{"angle":0.15,"curve":"stepped"},{"time":1.5,"angle":0.15}],"translate":[{"curve":"stepped"},{"time":1.5}],"scale":[{"curve":"stepped"},{"time":1.5}]},"bone21":{"rotate":[{"angle":-3.44,"curve":"stepped"},{"time":1.5,"angle":-3.44}],"translate":[{"curve":"stepped"},{"time":1.5}],"scale":[{"curve":"stepped"},{"time":1.5}]},"bone22":{"rotate":[{"curve":"stepped"},{"time":1.5}],"translate":[{"curve":"stepped"},{"time":1.5}],"scale":[{"curve":"stepped"},{"time":1.5}]},"Back leg":{"rotate":[{"curve":"stepped"},{"time":1.5}],"translate":[{"y":-23.91,"curve":"stepped"},{"time":1.5,"y":-23.91}],"scale":[{"curve":"stepped"},{"time":1.5}]},"bone23":{"rotate":[{"curve":"stepped"},{"time":1.5}],"translate":[{"curve":"stepped"},{"time":1.5}],"scale":[{"curve":"stepped"},{"time":1.5}]},"bone25":{"rotate":[{"angle":-1.33,"curve":"stepped"},{"time":1.5,"angle":-1.33}],"translate":[{"curve":"stepped"},{"time":1.5}],"scale":[{"curve":"stepped"},{"time":1.5}]},"bone26":{"rotate":[{"curve":"stepped"},{"time":1.5}],"translate":[{"curve":"stepped"},{"time":1.5}],"scale":[{"curve":"stepped"},{"time":1.5}]},"bone27":{"rotate":[{"angle":1.58,"curve":"stepped"},{"time":1.5,"angle":1.58}],"translate":[{"curve":"stepped"},{"time":1.5}],"scale":[{"curve":"stepped"},{"time":1.5}]},"bone28":{"rotate":[{"angle":2.63,"curve":"stepped"},{"time":1.5,"angle":2.63}],"translate":[{"curve":"stepped"},{"time":1.5}],"scale":[{"curve":"stepped"},{"time":1.5}]},"front hand top":{"rotate":[{"curve":"stepped"},{"time":1.5}],"translate":[{"y":-23.91,"curve":"stepped"},{"time":1.5,"y":-23.91}],"scale":[{"curve":"stepped"},{"time":1.5}]},"bone29":{"rotate":[{"angle":-0.44,"curve":"stepped"},{"time":1.5,"angle":-0.44}],"translate":[{"curve":"stepped"},{"time":1.5}],"scale":[{"curve":"stepped"},{"time":1.5}]},"bone30":{"rotate":[{"curve":"stepped"},{"time":1.5}],"translate":[{"curve":"stepped"},{"time":1.5}],"scale":[{"curve":"stepped"},{"time":1.5}]},"bone32":{"rotate":[{"angle":0.2,"curve":"stepped"},{"time":1.5,"angle":0.2}],"translate":[{"curve":"stepped"},{"time":1.5}],"scale":[{"curve":"stepped"},{"time":1.5}]},"bone33":{"rotate":[{"curve":"stepped"},{"time":1.5}],"translate":[{"curve":"stepped"},{"time":1.5}],"scale":[{"curve":"stepped"},{"time":1.5}]},"bone39":{"rotate":[{},{"time":0.7333,"angle":-7.29},{"time":1.5}],"translate":[{"curve":"stepped"},{"time":1.5}],"scale":[{"curve":"stepped"},{"time":1.5}]},"bone40":{"rotate":[{"curve":"stepped"},{"time":1.5}],"translate":[{"curve":"stepped"},{"time":1.5}],"scale":[{"curve":"stepped"},{"time":1.5}]},"bone41":{"rotate":[{"curve":"stepped"},{"time":1.5}],"translate":[{"curve":"stepped"},{"time":1.5}],"scale":[{"curve":"stepped"},{"time":1.5}]},"bone42":{"rotate":[{"curve":"stepped"},{"time":1.5}],"translate":[{"curve":"stepped"},{"time":1.5}],"scale":[{"curve":"stepped"},{"time":1.5}]},"bone15":{"rotate":[{},{"time":0.8,"angle":3.91},{"time":1.5}],"translate":[{"curve":"stepped"},{"time":1.5}],"scale":[{"curve":"stepped"},{"time":1.5}]},"bone34":{"rotate":[{},{"time":0.5333,"angle":14.44},{"time":0.8,"angle":18.18},{"time":0.9,"angle":4.74},{"time":0.9333,"angle":-0.98},{"time":1.1333,"angle":18.18},{"time":1.2333,"angle":4.74},{"time":1.2667,"angle":-0.98},{"time":1.5}],"translate":[{"curve":"stepped"},{"time":1.5}],"scale":[{"curve":"stepped"},{"time":1.5}]},"bone35":{"rotate":[{"curve":"stepped"},{"time":1.5}],"translate":[{"curve":"stepped"},{"time":1.5}],"scale":[{"curve":"stepped"},{"time":1.5}]},"front hand":{"rotate":[{"curve":"stepped"},{"time":1.5}],"translate":[{"y":-23.91,"curve":"stepped"},{"time":1.5,"y":-23.91}],"scale":[{"curve":"stepped"},{"time":1.5}]},"pp":{"translate":[{"y":-23.91,"curve":"stepped"},{"time":1.5,"y":-23.91}]},"ooo":{"translate":[{"y":-23.91,"curve":"stepped"},{"time":1.5,"y":-23.91}]},"555":{"translate":[{"y":-23.91,"curve":"stepped"},{"time":1.5,"y":-23.91}]}}},"2":{"bones":{"root":{"rotate":[{"angle":-1.14,"curve":"stepped"},{"time":0.5,"angle":-1.14,"curve":"stepped"},{"time":1,"angle":-1.14}],"translate":[{"curve":"stepped"},{"time":0.5,"curve":"stepped"},{"time":1}],"scale":[{"time":0.5}]},"bone":{"rotate":[{"angle":-1.14,"curve":"stepped"},{"time":0.5,"angle":-1.14,"curve":"stepped"},{"time":1,"angle":-1.14}],"translate":[{"x":0.65,"y":-32.96},{"time":0.2667,"x":-18.95,"y":-12.69},{"time":0.5,"x":0.53,"y":-26.62},{"time":0.7333,"x":-11.12,"y":-20.21},{"time":1,"x":0.65,"y":-32.96}],"scale":[{"time":0.5}]},"bone2":{"rotate":[{"angle":-1.14,"curve":"stepped"},{"time":0.5,"angle":-1.14,"curve":"stepped"},{"time":1,"angle":-1.14}],"translate":[{"curve":"stepped"},{"time":0.5,"curve":"stepped"},{"time":1}],"scale":[{"time":0.5}]},"bone3":{"rotate":[{"angle":-1.14,"curve":"stepped"},{"time":0.5,"angle":-1.14,"curve":"stepped"},{"time":1,"angle":-1.14}],"translate":[{"curve":"stepped"},{"time":0.5,"curve":"stepped"},{"time":1}],"scale":[{"time":0.5}]},"bone4":{"rotate":[{"angle":-1.14,"curve":"stepped"},{"time":0.5,"angle":-1.14,"curve":"stepped"},{"time":1,"angle":-1.14}],"translate":[{"curve":"stepped"},{"time":0.5,"curve":"stepped"},{"time":1}],"scale":[{"time":0.5}]},"bone5":{"rotate":[{"angle":-1.14},{"time":0.2667,"angle":3.34},{"time":0.5,"angle":-1.14},{"time":0.7667,"angle":1.14},{"time":1,"angle":-1.14}],"translate":[{"curve":"stepped"},{"time":0.5,"curve":"stepped"},{"time":1}],"scale":[{"time":0.5}]},"bone6":{"rotate":[{"angle":-1.14,"curve":"stepped"},{"time":0.5,"angle":-1.14,"curve":"stepped"},{"time":1,"angle":-1.14}],"translate":[{"curve":"stepped"},{"time":0.5,"curve":"stepped"},{"time":1}],"scale":[{"time":0.5}]},"bone7":{"rotate":[{"angle":-1.14,"curve":"stepped"},{"time":0.5,"angle":-1.14,"curve":"stepped"},{"time":1,"angle":-1.14}],"translate":[{"curve":"stepped"},{"time":0.5,"curve":"stepped"},{"time":1}],"scale":[{"time":0.5}]},"bone8":{"rotate":[{"angle":-1.14,"curve":"stepped"},{"time":0.5,"angle":-1.14,"curve":"stepped"},{"time":1,"angle":-1.14}],"translate":[{"curve":"stepped"},{"time":0.5,"curve":"stepped"},{"time":1}],"scale":[{"time":0.5}]},"bone9":{"rotate":[{"angle":-1.14,"curve":"stepped"},{"time":0.5,"angle":-1.14,"curve":"stepped"},{"time":1,"angle":-1.14}],"translate":[{"curve":"stepped"},{"time":0.5,"curve":"stepped"},{"time":1}],"scale":[{"time":0.5}]},"bone44":{"rotate":[{"angle":-1.14,"curve":"stepped"},{"time":0.5,"angle":-1.14,"curve":"stepped"},{"time":1,"angle":-1.14}],"translate":[{"curve":"stepped"},{"time":0.5,"curve":"stepped"},{"time":1}],"scale":[{"time":0.5}]},"bone10":{"rotate":[{"angle":-1.14,"curve":"stepped"},{"time":0.5,"angle":-1.14,"curve":"stepped"},{"time":1,"angle":-1.14}],"translate":[{"curve":"stepped"},{"time":0.5,"curve":"stepped"},{"time":1}],"scale":[{"time":0.5}]},"bone11":{"rotate":[{"angle":-1.14,"curve":"stepped"},{"time":0.5,"angle":-1.14,"curve":"stepped"},{"time":1,"angle":-1.14}],"translate":[{"curve":"stepped"},{"time":0.5,"curve":"stepped"},{"time":1}],"scale":[{"time":0.5}]},"bone12":{"rotate":[{"angle":-1.14,"curve":"stepped"},{"time":0.5,"angle":-1.14,"curve":"stepped"},{"time":1,"angle":-1.14}],"translate":[{"curve":"stepped"},{"time":0.5,"curve":"stepped"},{"time":1}],"scale":[{"time":0.5}]},"bone13":{"rotate":[{"angle":-1.14,"curve":"stepped"},{"time":0.5,"angle":-1.14,"curve":"stepped"},{"time":1,"angle":-1.14}],"translate":[{"curve":"stepped"},{"time":0.5,"curve":"stepped"},{"time":1}],"scale":[{"time":0.5}]},"bone14":{"rotate":[{"angle":-1.14,"curve":"stepped"},{"time":0.5,"angle":-1.14,"curve":"stepped"},{"time":1,"angle":-1.14}],"translate":[{"curve":"stepped"},{"time":0.5,"curve":"stepped"},{"time":1}],"scale":[{"time":0.5}]},"bone16":{"rotate":[{"angle":-1.14},{"time":0.2667,"angle":-4.03},{"time":0.5,"angle":-1.14},{"time":0.7333,"angle":-2.67},{"time":1,"angle":-1.14}],"translate":[{"curve":"stepped"},{"time":0.5,"curve":"stepped"},{"time":1}],"scale":[{"time":0.5}]},"bone17":{"rotate":[{"angle":-1.14,"curve":"stepped"},{"time":0.5,"angle":-1.14,"curve":"stepped"},{"time":1,"angle":-1.14}],"translate":[{"curve":"stepped"},{"time":0.5,"curve":"stepped"},{"time":1}],"scale":[{"time":0.5}]},"bone18":{"rotate":[{"angle":-1.14,"curve":"stepped"},{"time":0.5,"angle":-1.14,"curve":"stepped"},{"time":1,"angle":-1.14}],"translate":[{"curve":"stepped"},{"time":0.5,"curve":"stepped"},{"time":1}],"scale":[{"time":0.5}]},"bone19":{"rotate":[{"angle":-1.14,"curve":"stepped"},{"time":0.5,"angle":-1.14,"curve":"stepped"},{"time":1,"angle":-1.14}],"translate":[{"curve":"stepped"},{"time":0.5,"curve":"stepped"},{"time":1}],"scale":[{"time":0.5}]},"back hand":{"rotate":[{"angle":-1.14,"curve":"stepped"},{"time":0.5,"angle":-1.14,"curve":"stepped"},{"time":1,"angle":-1.14}],"translate":[{"x":76.73,"y":-1.32},{"time":0.2667,"x":18.74,"y":36.59},{"time":0.5,"x":-83.62,"y":-20.28},{"time":0.7333,"x":41.96,"y":-16.04},{"time":1,"x":76.73,"y":-1.32}],"scale":[{"time":0.5}]},"Back leg":{"rotate":[{"angle":-1.14,"curve":"stepped"},{"time":0.5,"angle":-1.14,"curve":"stepped"},{"time":1,"angle":-1.14}],"translate":[{"x":-22.15,"y":-27.02},{"time":0.2667,"x":41.98,"y":-9.46},{"time":0.5,"x":104.07,"y":7.5},{"time":0.7333,"x":33.46,"y":0.76},{"time":1,"x":-22.15,"y":-27.02}],"scale":[{"time":0.5}]},"front hand":{"rotate":[{"angle":-1.14,"curve":"stepped"},{"time":0.5,"angle":-1.14,"curve":"stepped"},{"time":1,"angle":-1.14}],"translate":[{"x":-54.86,"y":-30.41},{"time":0.2667,"x":37.99,"y":-8.85},{"time":0.5,"x":116.83,"y":7.75},{"time":0.7333,"x":12.78,"y":29.51},{"time":1,"x":-54.86,"y":-30.41}],"scale":[{"time":0.5}]},"front hand top":{"rotate":[{"angle":-1.14,"curve":"stepped"},{"time":0.5,"angle":-1.14,"curve":"stepped"},{"time":1,"angle":-1.14}],"translate":[{"x":-79.75,"y":-30.91},{"time":0.2667,"x":-7.89,"y":2.5},{"time":0.5,"x":91.47,"y":7.25},{"time":0.7333,"x":-0.14,"y":-1.19},{"time":1,"x":-79.75,"y":-30.91}],"scale":[{"time":0.5}]},"bone39":{"rotate":[{"angle":-1.14},{"time":0.2667,"angle":-3.54},{"time":0.5,"angle":-1.14},{"time":0.7333,"angle":-2.5},{"time":1,"angle":-1.14}],"translate":[{"curve":"stepped"},{"time":0.5,"curve":"stepped"},{"time":1}],"scale":[{"time":0.5}]},"bone40":{"rotate":[{"angle":-1.14,"curve":"stepped"},{"time":0.5,"angle":-1.14,"curve":"stepped"},{"time":1,"angle":-1.14}],"translate":[{"curve":"stepped"},{"time":0.5,"curve":"stepped"},{"time":1}],"scale":[{"time":0.5}]},"bone41":{"rotate":[{"angle":-1.14,"curve":"stepped"},{"time":0.5,"angle":-1.14,"curve":"stepped"},{"time":1,"angle":-1.14}],"translate":[{"curve":"stepped"},{"time":0.5,"curve":"stepped"},{"time":1}],"scale":[{"time":0.5}]},"bone42":{"rotate":[{"angle":-1.14,"curve":"stepped"},{"time":0.5,"angle":-1.14,"curve":"stepped"},{"time":1,"angle":-1.14}],"translate":[{"curve":"stepped"},{"time":0.5,"curve":"stepped"},{"time":1}],"scale":[{"time":0.5}]},"bone15":{"rotate":[{"angle":-1.14},{"time":0.2667,"angle":7.47},{"time":0.5,"angle":-1.14},{"time":0.7333,"angle":3.98},{"time":1,"angle":-1.14}],"translate":[{"curve":"stepped"},{"time":0.5,"curve":"stepped"},{"time":1}],"scale":[{"time":0.5}]},"bone34":{"rotate":[{"angle":-1.14},{"time":0.2667,"angle":1.36},{"time":0.5,"angle":-1.14,"curve":"stepped"},{"time":1,"angle":-1.14}],"translate":[{"curve":"stepped"},{"time":0.5,"curve":"stepped"},{"time":1}],"scale":[{"time":0.5}]},"bone35":{"rotate":[{"angle":-1.14,"curve":"stepped"},{"time":0.5,"angle":-1.14,"curve":"stepped"},{"time":1,"angle":-1.14}],"translate":[{"curve":"stepped"},{"time":0.5,"curve":"stepped"},{"time":1}],"scale":[{"time":0.5}]},"bone20":{"rotate":[{"angle":-1.48,"curve":"stepped"},{"time":0.5,"angle":-1.48,"curve":"stepped"},{"time":1,"angle":-1.48}],"translate":[{"curve":"stepped"},{"time":0.5,"curve":"stepped"},{"time":1}],"scale":[{"time":0.5}]},"bone21":{"rotate":[{"angle":2.6,"curve":"stepped"},{"time":0.5,"angle":2.6,"curve":"stepped"},{"time":1,"angle":2.6}],"translate":[{"curve":"stepped"},{"time":0.5,"curve":"stepped"},{"time":1}],"scale":[{"time":0.5}]},"bone22":{"rotate":[{"curve":"stepped"},{"time":0.5,"curve":"stepped"},{"time":1}],"translate":[{"curve":"stepped"},{"time":0.5,"curve":"stepped"},{"time":1}],"scale":[{"time":0.5}]},"bone23":{"rotate":[{"angle":1.64,"curve":"stepped"},{"time":0.5,"angle":1.64,"curve":"stepped"},{"time":1,"angle":1.64}],"translate":[{"curve":"stepped"},{"time":0.5,"curve":"stepped"},{"time":1}],"scale":[{"time":0.5}]},"bone25":{"rotate":[{"angle":-3.93,"curve":"stepped"},{"time":0.5,"angle":-3.93,"curve":"stepped"},{"time":1,"angle":-3.93}],"translate":[{"curve":"stepped"},{"time":0.5,"curve":"stepped"},{"time":1}],"scale":[{"time":0.5}]},"bone26":{"rotate":[{"curve":"stepped"},{"time":0.5,"curve":"stepped"},{"time":1}],"translate":[{"curve":"stepped"},{"time":0.5,"curve":"stepped"},{"time":1}],"scale":[{"time":0.5}]},"bone27":{"rotate":[{"angle":0.09,"curve":"stepped"},{"time":0.5,"angle":0.09,"curve":"stepped"},{"time":1,"angle":0.09}],"translate":[{"curve":"stepped"},{"time":0.5,"curve":"stepped"},{"time":1}],"scale":[{"time":0.5}]},"bone28":{"rotate":[{"angle":9.58,"curve":"stepped"},{"time":0.5,"angle":9.58,"curve":"stepped"},{"time":1,"angle":9.58}],"translate":[{"curve":"stepped"},{"time":0.5,"curve":"stepped"},{"time":1}],"scale":[{"time":0.5}]},"bone29":{"rotate":[{"angle":-4.81,"curve":"stepped"},{"time":0.5,"angle":-4.81,"curve":"stepped"},{"time":1,"angle":-4.81}],"translate":[{"curve":"stepped"},{"time":0.5,"curve":"stepped"},{"time":1}],"scale":[{"time":0.5}]},"bone30":{"rotate":[{"angle":2.79,"curve":"stepped"},{"time":0.5,"angle":2.79,"curve":"stepped"},{"time":1,"angle":2.79}],"translate":[{"curve":"stepped"},{"time":0.5,"curve":"stepped"},{"time":1}],"scale":[{"time":0.5}]},"bone32":{"rotate":[{"angle":-5.19,"curve":"stepped"},{"time":0.5,"angle":-5.19,"curve":"stepped"},{"time":1,"angle":-5.19}],"translate":[{"curve":"stepped"},{"time":0.5,"curve":"stepped"},{"time":1}],"scale":[{"time":0.5}]},"bone33":{"rotate":[{"curve":"stepped"},{"time":0.5,"curve":"stepped"},{"time":1}],"translate":[{"curve":"stepped"},{"time":0.5,"curve":"stepped"},{"time":1}],"scale":[{"time":0.5}]},"pp":{"translate":[{"x":-50.59,"y":-27.59},{"time":0.2667,"x":-14.9,"y":7.05},{"time":0.5,"x":52.82,"y":12.87},{"time":0.7333,"x":-7.15,"y":3.36},{"time":1,"x":-50.59,"y":-27.59}]},"ooo":{"translate":[{"x":133.95,"y":-12},{"time":0.2667,"x":29.86,"y":17.27},{"time":0.5,"x":-6.73,"y":-26.15},{"time":0.7333,"x":50.33,"y":-19.2},{"time":1,"x":133.95,"y":-12}]},"555":{"translate":[{"x":114.36,"y":-10.61},{"time":0.2667,"x":30.32,"y":-5.84},{"time":0.5,"x":-6.73,"y":-26.15},{"time":0.7333,"x":38.07,"y":-9.53},{"time":1,"x":114.36,"y":-10.61}]}}},"3":{"bones":{"root":{"rotate":[{"angle":-1.14,"curve":"stepped"},{"time":1.3333,"angle":-1.14}],"translate":[{"curve":"stepped"},{"time":1.3333}]},"bone":{"rotate":[{"angle":12.05},{"time":0.3333,"angle":14.53},{"time":1,"angle":9.43},{"time":1.3333,"angle":12.05}],"translate":[{"x":-1.23,"y":62.06},{"time":0.6667,"x":-2.12,"y":106.69},{"time":1.3333,"x":-1.23,"y":62.06}],"scale":[{"curve":"stepped"},{"time":0.6667,"curve":"stepped"},{"time":1.3333}]},"bone2":{"rotate":[{"angle":-1.14,"curve":"stepped"},{"time":0.6667,"angle":-1.14,"curve":"stepped"},{"time":1.3333,"angle":-1.14}],"translate":[{"curve":"stepped"},{"time":0.6667,"curve":"stepped"},{"time":1.3333}],"scale":[{"curve":"stepped"},{"time":0.6667,"curve":"stepped"},{"time":1.3333}]},"bone3":{"rotate":[{"angle":34.78},{"time":0.6667,"angle":28.85},{"time":1.3333,"angle":34.78}],"translate":[{"curve":"stepped"},{"time":0.6667,"curve":"stepped"},{"time":1.3333}],"scale":[{"curve":"stepped"},{"time":0.6667,"curve":"stepped"},{"time":1.3333}]},"bone4":{"rotate":[{"angle":-1.14},{"time":0.6667,"angle":6.34},{"time":1.3333,"angle":-1.14}],"translate":[{"curve":"stepped"},{"time":0.6667,"curve":"stepped"},{"time":1.3333}],"scale":[{"curve":"stepped"},{"time":0.6667,"curve":"stepped"},{"time":1.3333}]},"bone5":{"rotate":[{"angle":-7.55},{"time":0.6667,"angle":-1.14},{"time":1.3333,"angle":-7.55}],"translate":[{"curve":"stepped"},{"time":0.6667,"curve":"stepped"},{"time":1.3333}],"scale":[{"curve":"stepped"},{"time":0.6667,"curve":"stepped"},{"time":1.3333}]},"bone6":{"rotate":[{"angle":-7.55},{"time":0.3333,"angle":2.9},{"time":1.3333,"angle":-7.55}],"translate":[{"curve":"stepped"},{"time":0.3333,"curve":"stepped"},{"time":1.3333}],"scale":[{"curve":"stepped"},{"time":0.3333,"curve":"stepped"},{"time":1.3333}]},"bone7":{"rotate":[{"angle":-7.55},{"time":0.4333,"angle":2.9},{"time":1.3333,"angle":-7.55}],"translate":[{"curve":"stepped"},{"time":0.4333,"curve":"stepped"},{"time":1.3333}],"scale":[{"curve":"stepped"},{"time":0.4333,"curve":"stepped"},{"time":1.3333}]},"bone8":{"rotate":[{"angle":-7.55},{"time":0.5333,"angle":2.9},{"time":1.3333,"angle":-7.55}],"translate":[{"curve":"stepped"},{"time":0.5333,"curve":"stepped"},{"time":1.3333}],"scale":[{"curve":"stepped"},{"time":0.5333,"curve":"stepped"},{"time":1.3333}]},"bone9":{"rotate":[{"angle":-7.55},{"time":0.6333,"angle":2.9},{"time":1.3333,"angle":-7.55}],"translate":[{"curve":"stepped"},{"time":0.6333,"curve":"stepped"},{"time":1.3333}],"scale":[{"curve":"stepped"},{"time":0.6333,"curve":"stepped"},{"time":1.3333}]},"bone44":{"rotate":[{"angle":-7.55},{"time":0.7,"angle":2.9},{"time":1.3333,"angle":-7.55}],"translate":[{"curve":"stepped"},{"time":0.7,"curve":"stepped"},{"time":1.3333}],"scale":[{"curve":"stepped"},{"time":0.7,"curve":"stepped"},{"time":1.3333}]},"bone10":{"rotate":[{"angle":-1.14},{"time":0.7667,"angle":2.9},{"time":1.3333,"angle":-1.14}],"translate":[{"curve":"stepped"},{"time":0.7667,"curve":"stepped"},{"time":1.3333}],"scale":[{"curve":"stepped"},{"time":0.7667,"curve":"stepped"},{"time":1.3333}]},"bone11":{"rotate":[{"angle":-1.14},{"time":0.8333,"angle":2.9},{"time":1.3333,"angle":-1.14}],"translate":[{"curve":"stepped"},{"time":0.8333,"curve":"stepped"},{"time":1.3333}],"scale":[{"curve":"stepped"},{"time":0.8333,"curve":"stepped"},{"time":1.3333}]},"bone12":{"rotate":[{"angle":-1.14},{"time":0.9,"angle":2.9},{"time":1.3333,"angle":-1.14}],"translate":[{"curve":"stepped"},{"time":0.9,"curve":"stepped"},{"time":1.3333}],"scale":[{"curve":"stepped"},{"time":0.9,"curve":"stepped"},{"time":1.3333}]},"bone13":{"rotate":[{"angle":-1.14},{"time":0.9667,"angle":2.9},{"time":1.3333,"angle":-1.14}],"translate":[{"curve":"stepped"},{"time":0.9667,"curve":"stepped"},{"time":1.3333}],"scale":[{"curve":"stepped"},{"time":0.9667,"curve":"stepped"},{"time":1.3333}]},"bone14":{"rotate":[{"angle":18.31},{"time":0.6667,"angle":15.28},{"time":1.3333,"angle":18.31}],"translate":[{"curve":"stepped"},{"time":0.6667,"curve":"stepped"},{"time":1.3333}],"scale":[{"curve":"stepped"},{"time":0.6667,"curve":"stepped"},{"time":1.3333}]},"bone16":{"rotate":[{"angle":27.4},{"time":0.6667,"angle":-4.47},{"time":1.3333,"angle":27.4}],"translate":[{"curve":"stepped"},{"time":0.6667,"curve":"stepped"},{"time":1.3333}],"scale":[{},{"time":0.6667,"x":-0.851},{"time":1.3333}]},"bone17":{"rotate":[{"angle":-1.14,"curve":"stepped"},{"time":0.6667,"angle":-1.14,"curve":"stepped"},{"time":1.3333,"angle":-1.14}],"translate":[{"curve":"stepped"},{"time":0.6667,"curve":"stepped"},{"time":1.3333}],"scale":[{"curve":"stepped"},{"time":0.6667,"curve":"stepped"},{"time":1.3333}]},"bone18":{"rotate":[{"angle":-1.14,"curve":"stepped"},{"time":0.6667,"angle":-1.14,"curve":"stepped"},{"time":1.3333,"angle":-1.14}],"translate":[{"curve":"stepped"},{"time":0.6667,"curve":"stepped"},{"time":1.3333}],"scale":[{"curve":"stepped"},{"time":0.6667,"curve":"stepped"},{"time":1.3333}]},"bone19":{"rotate":[{"angle":-1.14,"curve":"stepped"},{"time":0.6667,"angle":-1.14,"curve":"stepped"},{"time":1.3333,"angle":-1.14}],"translate":[{"curve":"stepped"},{"time":0.6667,"curve":"stepped"},{"time":1.3333}],"scale":[{"curve":"stepped"},{"time":0.6667,"curve":"stepped"},{"time":1.3333}]},"back hand":{"rotate":[{"angle":-1.14,"curve":"stepped"},{"time":0.6667,"angle":-1.14,"curve":"stepped"},{"time":1.3333,"angle":-1.14}],"translate":[{"x":117.2,"y":67.84},{"time":0.3333,"x":134.7,"y":96},{"time":0.6667,"x":116.51,"y":102.37},{"time":1,"x":91.12,"y":92.12},{"time":1.3333,"x":117.2,"y":67.84}],"scale":[{"curve":"stepped"},{"time":0.6667,"curve":"stepped"},{"time":1.3333}]},"Back leg":{"rotate":[{"angle":-1.14,"curve":"stepped"},{"time":0.6667,"angle":-1.14,"curve":"stepped"},{"time":1.3333,"angle":-1.14}],"translate":[{"x":76.39,"y":85.82},{"time":0.3333,"x":93.89,"y":113.98},{"time":0.6667,"x":75.7,"y":120.35},{"time":1,"x":50.32,"y":110.1},{"time":1.3333,"x":76.39,"y":85.82}],"scale":[{"curve":"stepped"},{"time":0.6667,"curve":"stepped"},{"time":1.3333}]},"front hand":{"rotate":[{"angle":-1.14,"curve":"stepped"},{"time":0.6667,"angle":-1.14,"curve":"stepped"},{"time":1.3333,"angle":-1.14}],"translate":[{"x":114.92,"y":71.74},{"time":0.3333,"x":132.42,"y":99.9},{"time":0.6667,"x":114.23,"y":106.27},{"time":1,"x":88.84,"y":96.02},{"time":1.3333,"x":114.92,"y":71.74}],"scale":[{"curve":"stepped"},{"time":0.6667,"curve":"stepped"},{"time":1.3333}]},"front hand top":{"rotate":[{"angle":-1.14,"curve":"stepped"},{"time":0.6667,"angle":-1.14,"curve":"stepped"},{"time":1.3333,"angle":-1.14}],"translate":[{"x":157.31,"y":36.27},{"time":0.3333,"x":174.81,"y":64.42},{"time":0.6667,"x":156.62,"y":70.79},{"time":1,"x":131.24,"y":60.54},{"time":1.3333,"x":157.31,"y":36.27}],"scale":[{"curve":"stepped"},{"time":0.6667,"curve":"stepped"},{"time":1.3333}]},"bone39":{"rotate":[{"angle":27.63},{"time":0.6667,"angle":-4},{"time":1.3333,"angle":27.63}],"translate":[{"curve":"stepped"},{"time":0.6667,"curve":"stepped"},{"time":1.3333}],"scale":[{},{"time":0.6667,"x":-0.682},{"time":1.3333}]},"bone40":{"rotate":[{"angle":-1.14,"curve":"stepped"},{"time":0.6667,"angle":-1.14,"curve":"stepped"},{"time":1.3333,"angle":-1.14}],"translate":[{"curve":"stepped"},{"time":0.6667,"curve":"stepped"},{"time":1.3333}],"scale":[{"curve":"stepped"},{"time":0.6667,"curve":"stepped"},{"time":1.3333}]},"bone41":{"rotate":[{"angle":-1.14,"curve":"stepped"},{"time":0.6667,"angle":-1.14,"curve":"stepped"},{"time":1.3333,"angle":-1.14}],"translate":[{"curve":"stepped"},{"time":0.6667,"curve":"stepped"},{"time":1.3333}],"scale":[{"curve":"stepped"},{"time":0.6667,"curve":"stepped"},{"time":1.3333}]},"bone42":{"rotate":[{"angle":-1.14,"curve":"stepped"},{"time":0.6667,"angle":-1.14,"curve":"stepped"},{"time":1.3333,"angle":-1.14}],"translate":[{"curve":"stepped"},{"time":0.6667,"curve":"stepped"},{"time":1.3333}],"scale":[{"curve":"stepped"},{"time":0.6667,"curve":"stepped"},{"time":1.3333}]},"bone15":{"rotate":[{"angle":-45.92},{"time":0.6667,"angle":-52.19},{"time":1.3333,"angle":-45.92}],"translate":[{"curve":"stepped"},{"time":0.6667,"curve":"stepped"},{"time":1.3333}],"scale":[{"curve":"stepped"},{"time":0.6667,"curve":"stepped"},{"time":1.3333}]},"bone34":{"rotate":[{"angle":-1.14,"curve":"stepped"},{"time":0.6667,"angle":-1.14,"curve":"stepped"},{"time":1.3333,"angle":-1.14}],"translate":[{"curve":"stepped"},{"time":0.6667,"curve":"stepped"},{"time":1.3333}],"scale":[{"curve":"stepped"},{"time":0.6667,"curve":"stepped"},{"time":1.3333}]},"bone35":{"rotate":[{"angle":-1.14,"curve":"stepped"},{"time":0.6667,"angle":-1.14,"curve":"stepped"},{"time":1.3333,"angle":-1.14}],"translate":[{"curve":"stepped"},{"time":0.6667,"curve":"stepped"},{"time":1.3333}],"scale":[{"curve":"stepped"},{"time":0.6667,"curve":"stepped"},{"time":1.3333}]},"bone20":{"rotate":[{"angle":-1.48},{"time":0.6667,"angle":18.34},{"time":1.3333,"angle":-1.48}],"translate":[{"x":-52.08,"y":5.39,"curve":"stepped"},{"time":0.6667,"x":-52.08,"y":5.39,"curve":"stepped"},{"time":1.3333,"x":-52.08,"y":5.39}],"scale":[{"curve":"stepped"},{"time":0.6667,"curve":"stepped"},{"time":1.3333}]},"bone21":{"rotate":[{"angle":2.6},{"time":0.6667,"angle":-29.83},{"time":1.3333,"angle":2.6}],"translate":[{"curve":"stepped"},{"time":0.6667,"curve":"stepped"},{"time":1.3333}],"scale":[{"curve":"stepped"},{"time":0.6667,"curve":"stepped"},{"time":1.3333}]},"bone22":{"rotate":[{"curve":"stepped"},{"time":0.6667,"curve":"stepped"},{"time":1.3333}],"translate":[{"curve":"stepped"},{"time":0.6667,"curve":"stepped"},{"time":1.3333}],"scale":[{"curve":"stepped"},{"time":0.6667,"curve":"stepped"},{"time":1.3333}]},"bone23":{"rotate":[{"angle":1.64},{"time":0.6667,"angle":21.05},{"time":1.3333,"angle":1.64}],"translate":[{"curve":"stepped"},{"time":0.6667,"curve":"stepped"},{"time":1.3333}],"scale":[{"curve":"stepped"},{"time":0.6667,"curve":"stepped"},{"time":1.3333}]},"bone25":{"rotate":[{"angle":-3.93},{"time":0.6667,"angle":-22.34},{"time":1.3333,"angle":-3.93}],"translate":[{"curve":"stepped"},{"time":0.6667,"curve":"stepped"},{"time":1.3333}],"scale":[{"curve":"stepped"},{"time":0.6667,"curve":"stepped"},{"time":1.3333}]},"bone26":{"rotate":[{},{"time":0.6667,"angle":24.03},{"time":1.3333}],"translate":[{"curve":"stepped"},{"time":0.6667,"curve":"stepped"},{"time":1.3333}],"scale":[{"curve":"stepped"},{"time":0.6667,"curve":"stepped"},{"time":1.3333}]},"bone27":{"rotate":[{"angle":0.09},{"time":0.6667,"angle":28.63},{"time":1.3333,"angle":0.09}],"translate":[{"curve":"stepped"},{"time":0.6667,"curve":"stepped"},{"time":1.3333}],"scale":[{"curve":"stepped"},{"time":0.6667,"curve":"stepped"},{"time":1.3333}]},"bone28":{"rotate":[{"angle":9.58},{"time":0.6667,"angle":-16.1},{"time":1.3333,"angle":9.58}],"translate":[{"curve":"stepped"},{"time":0.6667,"curve":"stepped"},{"time":1.3333}],"scale":[{"curve":"stepped"},{"time":0.6667,"curve":"stepped"},{"time":1.3333}]},"bone29":{"rotate":[{"angle":-4.81},{"time":0.6667,"angle":8.78},{"time":1.3333,"angle":-4.81}],"translate":[{"curve":"stepped"},{"time":0.6667,"curve":"stepped"},{"time":1.3333}],"scale":[{"curve":"stepped"},{"time":0.6667,"curve":"stepped"},{"time":1.3333}]},"bone30":{"rotate":[{"angle":2.79},{"time":0.6667,"angle":17.65},{"time":1.3333,"angle":2.79}],"translate":[{"x":39.72,"y":-4.11,"curve":"stepped"},{"time":0.6667,"x":39.72,"y":-4.11,"curve":"stepped"},{"time":1.3333,"x":39.72,"y":-4.11}],"scale":[{"curve":"stepped"},{"time":0.6667,"curve":"stepped"},{"time":1.3333}]},"bone32":{"rotate":[{"angle":-5.19},{"time":0.6667,"angle":8.4},{"time":1.3333,"angle":-5.19}],"translate":[{"curve":"stepped"},{"time":0.6667,"curve":"stepped"},{"time":1.3333}],"scale":[{"curve":"stepped"},{"time":0.6667,"curve":"stepped"},{"time":1.3333}]},"bone33":{"rotate":[{},{"time":0.6667,"angle":-12.75},{"time":1.3333}],"translate":[{"curve":"stepped"},{"time":0.6667,"curve":"stepped"},{"time":1.3333}],"scale":[{"curve":"stepped"},{"time":0.6667,"curve":"stepped"},{"time":1.3333}]},"pp":{"rotate":[{"time":0.6667}],"translate":[{"x":106.42,"y":36.48},{"time":0.3333,"x":123.92,"y":64.64},{"time":0.6667,"x":105.73,"y":71.01},{"time":1,"x":80.35,"y":60.76},{"time":1.3333,"x":106.42,"y":36.48}],"scale":[{"curve":"stepped"},{"time":0.6667,"curve":"stepped"},{"time":1.3333}]},"ooo":{"rotate":[{"time":0.6667}],"translate":[{"x":45.22,"y":89.56},{"time":0.3333,"x":62.72,"y":117.71},{"time":0.6667,"x":44.53,"y":124.08},{"time":1,"x":19.14,"y":113.84},{"time":1.3333,"x":45.22,"y":89.56}],"scale":[{"curve":"stepped"},{"time":0.6667,"curve":"stepped"},{"time":1.3333}]},"555":{"rotate":[{"time":0.6667}],"translate":[{"x":77.6,"y":64.74},{"time":0.3333,"x":95.1,"y":92.89},{"time":0.6667,"x":76.91,"y":99.27},{"time":1,"x":51.53,"y":89.02},{"time":1.3333,"x":77.6,"y":64.74}],"scale":[{"curve":"stepped"},{"time":0.6667,"curve":"stepped"},{"time":1.3333}]}}},"4":{"bones":{"root":{"rotate":[{"curve":"stepped"},{"time":1.5}],"translate":[{"curve":"stepped"},{"time":1.5}],"scale":[{"curve":"stepped"},{"time":1.5}]},"bone":{"rotate":[{"curve":"stepped"},{"time":1.5}],"translate":[{"y":-23.91},{"time":0.3333,"x":13.82,"y":-22.66},{"time":0.7333,"y":-19.96},{"time":1.5,"y":-23.91}],"scale":[{"curve":"stepped"},{"time":1.5}]},"bone2":{"rotate":[{},{"time":0.8,"angle":4.99},{"time":1.5}],"translate":[{"curve":"stepped"},{"time":1.5}],"scale":[{"curve":"stepped"},{"time":1.5}]},"bone3":{"rotate":[{"curve":"stepped"},{"time":1.5}],"translate":[{"curve":"stepped"},{"time":1.5}],"scale":[{"curve":"stepped"},{"time":1.5}]},"bone4":{"rotate":[{"curve":"stepped"},{"time":1.5}],"translate":[{"curve":"stepped"},{"time":1.5}],"scale":[{"curve":"stepped"},{"time":1.5}]},"bone5":{"rotate":[{},{"time":0.8,"angle":11.31},{"time":1.5}],"translate":[{"curve":"stepped"},{"time":1.5}],"scale":[{"curve":"stepped"},{"time":1.5}]},"bone6":{"rotate":[{"curve":"stepped"},{"time":1.5}],"translate":[{"curve":"stepped"},{"time":1.5}],"scale":[{"curve":"stepped"},{"time":1.5}]},"bone7":{"rotate":[{"curve":"stepped"},{"time":1.5}],"translate":[{"curve":"stepped"},{"time":1.5}],"scale":[{"curve":"stepped"},{"time":1.5}]},"bone8":{"rotate":[{},{"time":0.4333,"angle":-4.35},{"time":1.5}],"translate":[{"curve":"stepped"},{"time":1.5}],"scale":[{"curve":"stepped"},{"time":1.5}]},"bone9":{"rotate":[{},{"time":0.5,"angle":-4.35},{"time":1.5}],"translate":[{"curve":"stepped"},{"time":1.5}],"scale":[{"curve":"stepped"},{"time":1.5}]},"bone44":{"rotate":[{},{"time":0.6,"angle":-4.35},{"time":1.5}],"translate":[{"curve":"stepped"},{"time":1.5}],"scale":[{"curve":"stepped"},{"time":1.5}]},"bone10":{"rotate":[{},{"time":0.7,"angle":-4.35},{"time":1.5}],"translate":[{"curve":"stepped"},{"time":1.5}],"scale":[{"curve":"stepped"},{"time":1.5}]},"bone11":{"rotate":[{},{"time":0.8,"angle":-4.35},{"time":1.5}],"translate":[{"curve":"stepped"},{"time":1.5}],"scale":[{"curve":"stepped"},{"time":1.5}]},"bone12":{"rotate":[{},{"time":0.8667,"angle":-4.35},{"time":1.5}],"translate":[{"curve":"stepped"},{"time":1.5}],"scale":[{"curve":"stepped"},{"time":1.5}]},"bone13":{"rotate":[{},{"time":0.9333,"angle":-4.35},{"time":1.5}],"translate":[{"curve":"stepped"},{"time":1.5}],"scale":[{"curve":"stepped"},{"time":1.5}]},"bone14":{"rotate":[{"curve":"stepped"},{"time":1.5}],"translate":[{"curve":"stepped"},{"time":1.5}],"scale":[{"curve":"stepped"},{"time":1.5}]},"bone16":{"rotate":[{},{"time":0.3333,"angle":3.72},{"time":1.0333,"angle":-0.52},{"time":1.5}],"translate":[{"curve":"stepped"},{"time":1.5}],"scale":[{},{"time":0.7,"x":0.82},{"time":1.5}]},"bone17":{"rotate":[{"curve":"stepped"},{"time":1.5}],"translate":[{"curve":"stepped"},{"time":1.5}],"scale":[{"curve":"stepped"},{"time":1.5}]},"bone18":{"rotate":[{"curve":"stepped"},{"time":1.5}],"translate":[{"curve":"stepped"},{"time":1.5}],"scale":[{"curve":"stepped"},{"time":1.5}]},"bone19":{"rotate":[{"curve":"stepped"},{"time":1.5}],"translate":[{"curve":"stepped"},{"time":1.5}],"scale":[{"curve":"stepped"},{"time":1.5}]},"back hand":{"rotate":[{"curve":"stepped"},{"time":1.5}],"translate":[{"y":-23.91,"curve":"stepped"},{"time":1.5,"y":-23.91}],"scale":[{"curve":"stepped"},{"time":1.5}]},"bone20":{"rotate":[{"angle":0.15,"curve":"stepped"},{"time":1.5,"angle":0.15}],"translate":[{"curve":"stepped"},{"time":1.5}],"scale":[{"curve":"stepped"},{"time":1.5}]},"bone21":{"rotate":[{"angle":-3.44,"curve":"stepped"},{"time":1.5,"angle":-3.44}],"translate":[{"curve":"stepped"},{"time":1.5}],"scale":[{"curve":"stepped"},{"time":1.5}]},"bone22":{"rotate":[{"curve":"stepped"},{"time":1.5}],"translate":[{"curve":"stepped"},{"time":1.5}],"scale":[{"curve":"stepped"},{"time":1.5}]},"Back leg":{"rotate":[{"curve":"stepped"},{"time":1.5}],"translate":[{"y":-23.91,"curve":"stepped"},{"time":1.5,"y":-23.91}],"scale":[{"curve":"stepped"},{"time":1.5}]},"bone23":{"rotate":[{"curve":"stepped"},{"time":1.5}],"translate":[{"curve":"stepped"},{"time":1.5}],"scale":[{"curve":"stepped"},{"time":1.5}]},"bone25":{"rotate":[{"angle":-1.33,"curve":"stepped"},{"time":1.5,"angle":-1.33}],"translate":[{"curve":"stepped"},{"time":1.5}],"scale":[{"curve":"stepped"},{"time":1.5}]},"bone26":{"rotate":[{"curve":"stepped"},{"time":1.5}],"translate":[{"curve":"stepped"},{"time":1.5}],"scale":[{"curve":"stepped"},{"time":1.5}]},"bone27":{"rotate":[{"angle":1.58,"curve":"stepped"},{"time":1.5,"angle":1.58}],"translate":[{"curve":"stepped"},{"time":1.5}],"scale":[{"curve":"stepped"},{"time":1.5}]},"bone28":{"rotate":[{"angle":2.63,"curve":"stepped"},{"time":1.5,"angle":2.63}],"translate":[{"curve":"stepped"},{"time":1.5}],"scale":[{"curve":"stepped"},{"time":1.5}]},"front hand top":{"rotate":[{"curve":"stepped"},{"time":1.5}],"translate":[{"y":-23.91,"curve":"stepped"},{"time":1.5,"y":-23.91}],"scale":[{"curve":"stepped"},{"time":1.5}]},"bone29":{"rotate":[{"angle":-0.44,"curve":"stepped"},{"time":1.5,"angle":-0.44}],"translate":[{"curve":"stepped"},{"time":1.5}],"scale":[{"curve":"stepped"},{"time":1.5}]},"bone30":{"rotate":[{"curve":"stepped"},{"time":1.5}],"translate":[{"curve":"stepped"},{"time":1.5}],"scale":[{"curve":"stepped"},{"time":1.5}]},"bone32":{"rotate":[{"angle":0.2,"curve":"stepped"},{"time":1.5,"angle":0.2}],"translate":[{"curve":"stepped"},{"time":1.5}],"scale":[{"curve":"stepped"},{"time":1.5}]},"bone33":{"rotate":[{"curve":"stepped"},{"time":1.5}],"translate":[{"curve":"stepped"},{"time":1.5}],"scale":[{"curve":"stepped"},{"time":1.5}]},"bone39":{"rotate":[{},{"time":0.3333,"angle":4.86},{"time":0.7,"angle":2.32},{"time":1.0333,"angle":-0.52},{"time":1.5}],"translate":[{"curve":"stepped"},{"time":1.5}],"scale":[{},{"time":0.7,"x":0.82},{"time":1.5}]},"bone40":{"rotate":[{"curve":"stepped"},{"time":1.5}],"translate":[{"curve":"stepped"},{"time":1.5}],"scale":[{"curve":"stepped"},{"time":1.5}]},"bone41":{"rotate":[{"curve":"stepped"},{"time":1.5}],"translate":[{"curve":"stepped"},{"time":1.5}],"scale":[{"curve":"stepped"},{"time":1.5}]},"bone42":{"rotate":[{"curve":"stepped"},{"time":1.5}],"translate":[{"curve":"stepped"},{"time":1.5}],"scale":[{"curve":"stepped"},{"time":1.5}]},"bone15":{"rotate":[{},{"time":0.8,"angle":-5.3},{"time":1.5}],"translate":[{"curve":"stepped"},{"time":1.5}],"scale":[{"curve":"stepped"},{"time":1.5}]},"bone34":{"rotate":[{"curve":"stepped"},{"time":1.5}],"translate":[{"curve":"stepped"},{"time":1.5}],"scale":[{"curve":"stepped"},{"time":1.5}]},"bone35":{"rotate":[{"curve":"stepped"},{"time":1.5}],"translate":[{"curve":"stepped"},{"time":1.5}],"scale":[{"curve":"stepped"},{"time":1.5}]},"front hand":{"rotate":[{"curve":"stepped"},{"time":1.5}],"translate":[{"y":-23.91,"curve":"stepped"},{"time":1.5,"y":-23.91}],"scale":[{"curve":"stepped"},{"time":1.5}]},"pp":{"translate":[{"y":-23.91,"curve":"stepped"},{"time":1.5,"y":-23.91}]},"ooo":{"translate":[{"y":-23.91,"curve":"stepped"},{"time":1.5,"y":-23.91}]},"555":{"translate":[{"y":-23.91,"curve":"stepped"},{"time":1.5,"y":-23.91}]}}},"5":{"bones":{"root":{"rotate":[{"curve":"stepped"},{"time":0.9},{"time":1.2667,"angle":-1.14,"curve":"stepped"},{"time":1.7667,"angle":-1.14}],"translate":[{"curve":"stepped"},{"time":0.9,"curve":"stepped"},{"time":1.2667,"curve":"stepped"},{"time":1.7667}],"scale":[{"curve":"stepped"},{"time":0.9}]},"bone":{"rotate":[{"curve":"stepped"},{"time":0.9},{"time":1.2667,"angle":12.05},{"time":1.4,"angle":14.53},{"time":1.6333,"angle":9.43},{"time":1.7667,"angle":12.05},{"time":1.9333,"angle":14.53},{"time":2.2,"angle":9.43},{"time":2.3333,"angle":12.05}],"translate":[{"y":-23.91},{"time":0.2333,"x":13.82,"y":-22.66},{"time":0.5,"y":-19.96},{"time":0.9,"y":-23.91},{"time":1.2667,"x":-1.23,"y":62.06},{"time":1.5333,"x":-2.12,"y":106.69},{"time":1.7667,"x":-1.23,"y":62.06},{"time":2.0667,"x":-2.12,"y":106.69},{"time":2.3333,"x":-1.23,"y":62.06}],"scale":[{"curve":"stepped"},{"time":0.9,"curve":"stepped"},{"time":1.2667,"curve":"stepped"},{"time":1.5333,"curve":"stepped"},{"time":1.7667,"curve":"stepped"},{"time":2.0667,"curve":"stepped"},{"time":2.3333}]},"bone2":{"rotate":[{},{"time":0.5333,"angle":4.99},{"time":0.9},{"time":1.2667,"angle":-1.14,"curve":"stepped"},{"time":1.5333,"angle":-1.14,"curve":"stepped"},{"time":1.7667,"angle":-1.14,"curve":"stepped"},{"time":2.0667,"angle":-1.14,"curve":"stepped"},{"time":2.3333,"angle":-1.14}],"translate":[{"curve":"stepped"},{"time":0.9,"curve":"stepped"},{"time":1.2667,"curve":"stepped"},{"time":1.5333,"curve":"stepped"},{"time":1.7667,"curve":"stepped"},{"time":2.0667,"curve":"stepped"},{"time":2.3333}],"scale":[{"curve":"stepped"},{"time":0.9,"curve":"stepped"},{"time":1.2667,"curve":"stepped"},{"time":1.5333,"curve":"stepped"},{"time":1.7667,"curve":"stepped"},{"time":2.0667,"curve":"stepped"},{"time":2.3333}]},"bone3":{"rotate":[{"curve":"stepped"},{"time":0.9},{"time":1.2667,"angle":34.78},{"time":1.5333,"angle":28.85},{"time":1.7667,"angle":34.78},{"time":2.0667,"angle":28.85},{"time":2.3333,"angle":34.78}],"translate":[{"curve":"stepped"},{"time":0.9,"curve":"stepped"},{"time":1.2667,"curve":"stepped"},{"time":1.5333,"curve":"stepped"},{"time":1.7667,"curve":"stepped"},{"time":2.0667,"curve":"stepped"},{"time":2.3333}],"scale":[{"curve":"stepped"},{"time":0.9,"curve":"stepped"},{"time":1.2667,"curve":"stepped"},{"time":1.5333,"curve":"stepped"},{"time":1.7667,"curve":"stepped"},{"time":2.0667,"curve":"stepped"},{"time":2.3333}]},"bone4":{"rotate":[{"curve":"stepped"},{"time":0.9},{"time":1.2667,"angle":-1.14},{"time":1.5333,"angle":6.34},{"time":1.7667,"angle":-1.14},{"time":2.0667,"angle":6.34},{"time":2.3333,"angle":-1.14}],"translate":[{"curve":"stepped"},{"time":0.9,"curve":"stepped"},{"time":1.2667,"curve":"stepped"},{"time":1.5333,"curve":"stepped"},{"time":1.7667,"curve":"stepped"},{"time":2.0667,"curve":"stepped"},{"time":2.3333}],"scale":[{"curve":"stepped"},{"time":0.9,"curve":"stepped"},{"time":1.2667,"curve":"stepped"},{"time":1.5333,"curve":"stepped"},{"time":1.7667,"curve":"stepped"},{"time":2.0667,"curve":"stepped"},{"time":2.3333}]},"bone5":{"rotate":[{},{"time":0.5333,"angle":11.31},{"time":0.9},{"time":1.2667,"angle":-7.55},{"time":1.5333,"angle":-1.14},{"time":1.7667,"angle":-7.55},{"time":2.0667,"angle":-1.14},{"time":2.3333,"angle":-7.55}],"translate":[{"curve":"stepped"},{"time":0.9,"curve":"stepped"},{"time":1.2667,"curve":"stepped"},{"time":1.5333,"curve":"stepped"},{"time":1.7667,"curve":"stepped"},{"time":2.0667,"curve":"stepped"},{"time":2.3333}],"scale":[{"curve":"stepped"},{"time":0.9,"curve":"stepped"},{"time":1.2667,"curve":"stepped"},{"time":1.5333,"curve":"stepped"},{"time":1.7667,"curve":"stepped"},{"time":2.0667,"curve":"stepped"},{"time":2.3333}]},"bone6":{"rotate":[{"curve":"stepped"},{"time":0.9},{"time":1.2667,"angle":-7.55},{"time":1.4,"angle":2.9},{"time":1.7667,"angle":-7.55},{"time":1.9333,"angle":2.9},{"time":2.3333,"angle":-7.55}],"translate":[{"curve":"stepped"},{"time":0.9,"curve":"stepped"},{"time":1.2667,"curve":"stepped"},{"time":1.4,"curve":"stepped"},{"time":1.7667,"curve":"stepped"},{"time":1.9333,"curve":"stepped"},{"time":2.3333}],"scale":[{"curve":"stepped"},{"time":0.9,"curve":"stepped"},{"time":1.2667,"curve":"stepped"},{"time":1.4,"curve":"stepped"},{"time":1.7667,"curve":"stepped"},{"time":1.9333,"curve":"stepped"},{"time":2.3333}]},"bone7":{"rotate":[{"curve":"stepped"},{"time":0.9},{"time":1.2667,"angle":-7.55},{"time":1.4333,"angle":2.9},{"time":1.7667,"angle":-7.55},{"time":1.9667,"angle":2.9},{"time":2.3333,"angle":-7.55}],"translate":[{"curve":"stepped"},{"time":0.9,"curve":"stepped"},{"time":1.2667,"curve":"stepped"},{"time":1.4333,"curve":"stepped"},{"time":1.7667,"curve":"stepped"},{"time":1.9667,"curve":"stepped"},{"time":2.3333}],"scale":[{"curve":"stepped"},{"time":0.9,"curve":"stepped"},{"time":1.2667,"curve":"stepped"},{"time":1.4333,"curve":"stepped"},{"time":1.7667,"curve":"stepped"},{"time":1.9667,"curve":"stepped"},{"time":2.3333}]},"bone8":{"rotate":[{},{"time":0.3,"angle":-4.35},{"time":0.9},{"time":1.2667,"angle":-7.55},{"time":1.4667,"angle":2.9},{"time":1.7667,"angle":-7.55},{"time":2,"angle":2.9},{"time":2.3333,"angle":-7.55}],"translate":[{"curve":"stepped"},{"time":0.9,"curve":"stepped"},{"time":1.2667,"curve":"stepped"},{"time":1.4667,"curve":"stepped"},{"time":1.7667,"curve":"stepped"},{"time":2,"curve":"stepped"},{"time":2.3333}],"scale":[{"curve":"stepped"},{"time":0.9,"curve":"stepped"},{"time":1.2667,"curve":"stepped"},{"time":1.4667,"curve":"stepped"},{"time":1.7667,"curve":"stepped"},{"time":2,"curve":"stepped"},{"time":2.3333}]},"bone9":{"rotate":[{},{"time":0.3333,"angle":-4.35},{"time":0.9},{"time":1.2667,"angle":-7.55},{"time":1.5,"angle":2.9},{"time":1.7667,"angle":-7.55},{"time":2.0333,"angle":2.9},{"time":2.3333,"angle":-7.55}],"translate":[{"curve":"stepped"},{"time":0.9,"curve":"stepped"},{"time":1.2667,"curve":"stepped"},{"time":1.5,"curve":"stepped"},{"time":1.7667,"curve":"stepped"},{"time":2.0333,"curve":"stepped"},{"time":2.3333}],"scale":[{"curve":"stepped"},{"time":0.9,"curve":"stepped"},{"time":1.2667,"curve":"stepped"},{"time":1.5,"curve":"stepped"},{"time":1.7667,"curve":"stepped"},{"time":2.0333,"curve":"stepped"},{"time":2.3333}]},"bone44":{"rotate":[{},{"time":0.4,"angle":-4.35},{"time":0.9},{"time":1.2667,"angle":-7.55},{"time":1.5333,"angle":2.9},{"time":1.7667,"angle":-7.55},{"time":2.0667,"angle":2.9},{"time":2.3333,"angle":-7.55}],"translate":[{"curve":"stepped"},{"time":0.9,"curve":"stepped"},{"time":1.2667,"curve":"stepped"},{"time":1.5333,"curve":"stepped"},{"time":1.7667,"curve":"stepped"},{"time":2.0667,"curve":"stepped"},{"time":2.3333}],"scale":[{"curve":"stepped"},{"time":0.9,"curve":"stepped"},{"time":1.2667,"curve":"stepped"},{"time":1.5333,"curve":"stepped"},{"time":1.7667,"curve":"stepped"},{"time":2.0667,"curve":"stepped"},{"time":2.3333}]},"bone10":{"rotate":[{},{"time":0.4667,"angle":-4.35},{"time":0.9},{"time":1.2667,"angle":-1.14},{"time":1.5667,"angle":2.9},{"time":1.7667,"angle":-1.14},{"time":2.1,"angle":2.9},{"time":2.3333,"angle":-1.14}],"translate":[{"curve":"stepped"},{"time":0.9,"curve":"stepped"},{"time":1.2667,"curve":"stepped"},{"time":1.5667,"curve":"stepped"},{"time":1.7667,"curve":"stepped"},{"time":2.1,"curve":"stepped"},{"time":2.3333}],"scale":[{"curve":"stepped"},{"time":0.9,"curve":"stepped"},{"time":1.2667,"curve":"stepped"},{"time":1.5667,"curve":"stepped"},{"time":1.7667,"curve":"stepped"},{"time":2.1,"curve":"stepped"},{"time":2.3333}]},"bone11":{"rotate":[{},{"time":0.5333,"angle":-4.35},{"time":0.9},{"time":1.2667,"angle":-1.14},{"time":1.5667,"angle":2.9},{"time":1.7667,"angle":-1.14},{"time":2.1333,"angle":2.9},{"time":2.3333,"angle":-1.14}],"translate":[{"curve":"stepped"},{"time":0.9,"curve":"stepped"},{"time":1.2667,"curve":"stepped"},{"time":1.5667,"curve":"stepped"},{"time":1.7667,"curve":"stepped"},{"time":2.1333,"curve":"stepped"},{"time":2.3333}],"scale":[{"curve":"stepped"},{"time":0.9,"curve":"stepped"},{"time":1.2667,"curve":"stepped"},{"time":1.5667,"curve":"stepped"},{"time":1.7667,"curve":"stepped"},{"time":2.1333,"curve":"stepped"},{"time":2.3333}]},"bone12":{"rotate":[{},{"time":0.6,"angle":-4.35},{"time":0.9},{"time":1.2667,"angle":-1.14},{"time":1.6,"angle":2.9},{"time":1.7667,"angle":-1.14},{"time":2.1667,"angle":2.9},{"time":2.3333,"angle":-1.14}],"translate":[{"curve":"stepped"},{"time":0.9,"curve":"stepped"},{"time":1.2667,"curve":"stepped"},{"time":1.6,"curve":"stepped"},{"time":1.7667,"curve":"stepped"},{"time":2.1667,"curve":"stepped"},{"time":2.3333}],"scale":[{"curve":"stepped"},{"time":0.9,"curve":"stepped"},{"time":1.2667,"curve":"stepped"},{"time":1.6,"curve":"stepped"},{"time":1.7667,"curve":"stepped"},{"time":2.1667,"curve":"stepped"},{"time":2.3333}]},"bone13":{"rotate":[{},{"time":0.6333,"angle":-4.35},{"time":0.9},{"time":1.2667,"angle":-1.14},{"time":1.6333,"angle":2.9},{"time":1.7667,"angle":-1.14},{"time":2.1667,"angle":2.9},{"time":2.3333,"angle":-1.14}],"translate":[{"curve":"stepped"},{"time":0.9,"curve":"stepped"},{"time":1.2667,"curve":"stepped"},{"time":1.6333,"curve":"stepped"},{"time":1.7667,"curve":"stepped"},{"time":2.1667,"curve":"stepped"},{"time":2.3333}],"scale":[{"curve":"stepped"},{"time":0.9,"curve":"stepped"},{"time":1.2667,"curve":"stepped"},{"time":1.6333,"curve":"stepped"},{"time":1.7667,"curve":"stepped"},{"time":2.1667,"curve":"stepped"},{"time":2.3333}]},"bone14":{"rotate":[{"curve":"stepped"},{"time":0.9},{"time":1.2667,"angle":18.31},{"time":1.5333,"angle":15.28},{"time":1.7667,"angle":18.31},{"time":2.0667,"angle":15.28},{"time":2.3333,"angle":18.31}],"translate":[{"curve":"stepped"},{"time":0.9,"curve":"stepped"},{"time":1.2667,"curve":"stepped"},{"time":1.5333,"curve":"stepped"},{"time":1.7667,"curve":"stepped"},{"time":2.0667,"curve":"stepped"},{"time":2.3333}],"scale":[{"curve":"stepped"},{"time":0.9,"curve":"stepped"},{"time":1.2667,"curve":"stepped"},{"time":1.5333,"curve":"stepped"},{"time":1.7667,"curve":"stepped"},{"time":2.0667,"curve":"stepped"},{"time":2.3333}]},"bone16":{"rotate":[{},{"time":0.2333,"angle":3.72},{"time":0.7,"angle":-0.52},{"time":0.9,"angle":22.94},{"time":1.0333,"angle":27.4},{"time":1.1333,"angle":22.94},{"time":1.2667,"angle":27.4},{"time":1.5333,"angle":-4.47},{"time":1.7667,"angle":27.4},{"time":2.0667,"angle":-4.47},{"time":2.3333,"angle":27.4}],"translate":[{"curve":"stepped"},{"time":0.9,"curve":"stepped"},{"time":1.0333,"curve":"stepped"},{"time":1.1333,"curve":"stepped"},{"time":1.2667,"curve":"stepped"},{"time":1.5333,"curve":"stepped"},{"time":1.7667,"curve":"stepped"},{"time":2.0667,"curve":"stepped"},{"time":2.3333}],"scale":[{},{"time":0.4667,"x":0.82},{"time":0.9,"x":-0.594},{"time":1.0333},{"time":1.1333,"x":-0.594},{"time":1.2667},{"time":1.5333,"x":-0.851},{"time":1.7667},{"time":2.0667,"x":-0.851},{"time":2.3333}]},"bone17":{"rotate":[{"curve":"stepped"},{"time":0.9},{"time":1.2667,"angle":-1.14,"curve":"stepped"},{"time":1.5333,"angle":-1.14,"curve":"stepped"},{"time":1.7667,"angle":-1.14,"curve":"stepped"},{"time":2.0667,"angle":-1.14,"curve":"stepped"},{"time":2.3333,"angle":-1.14}],"translate":[{"curve":"stepped"},{"time":0.9,"curve":"stepped"},{"time":1.2667,"curve":"stepped"},{"time":1.5333,"curve":"stepped"},{"time":1.7667,"curve":"stepped"},{"time":2.0667,"curve":"stepped"},{"time":2.3333}],"scale":[{"curve":"stepped"},{"time":0.9,"curve":"stepped"},{"time":1.2667,"curve":"stepped"},{"time":1.5333,"curve":"stepped"},{"time":1.7667,"curve":"stepped"},{"time":2.0667,"curve":"stepped"},{"time":2.3333}]},"bone18":{"rotate":[{"curve":"stepped"},{"time":0.9},{"time":1.2667,"angle":-1.14,"curve":"stepped"},{"time":1.5333,"angle":-1.14,"curve":"stepped"},{"time":1.7667,"angle":-1.14,"curve":"stepped"},{"time":2.0667,"angle":-1.14,"curve":"stepped"},{"time":2.3333,"angle":-1.14}],"translate":[{"curve":"stepped"},{"time":0.9,"curve":"stepped"},{"time":1.2667,"curve":"stepped"},{"time":1.5333,"curve":"stepped"},{"time":1.7667,"curve":"stepped"},{"time":2.0667,"curve":"stepped"},{"time":2.3333}],"scale":[{"curve":"stepped"},{"time":0.9,"curve":"stepped"},{"time":1.2667,"curve":"stepped"},{"time":1.5333,"curve":"stepped"},{"time":1.7667,"curve":"stepped"},{"time":2.0667,"curve":"stepped"},{"time":2.3333}]},"bone19":{"rotate":[{"curve":"stepped"},{"time":0.9},{"time":1.2667,"angle":-1.14,"curve":"stepped"},{"time":1.5333,"angle":-1.14,"curve":"stepped"},{"time":1.7667,"angle":-1.14,"curve":"stepped"},{"time":2.0667,"angle":-1.14,"curve":"stepped"},{"time":2.3333,"angle":-1.14}],"translate":[{"curve":"stepped"},{"time":0.9,"curve":"stepped"},{"time":1.2667,"curve":"stepped"},{"time":1.5333,"curve":"stepped"},{"time":1.7667,"curve":"stepped"},{"time":2.0667,"curve":"stepped"},{"time":2.3333}],"scale":[{"curve":"stepped"},{"time":0.9,"curve":"stepped"},{"time":1.2667,"curve":"stepped"},{"time":1.5333,"curve":"stepped"},{"time":1.7667,"curve":"stepped"},{"time":2.0667,"curve":"stepped"},{"time":2.3333}]},"back hand":{"rotate":[{"curve":"stepped"},{"time":0.9},{"time":1.2667,"angle":-1.14,"curve":"stepped"},{"time":1.5333,"angle":-1.14,"curve":"stepped"},{"time":1.7667,"angle":-1.14,"curve":"stepped"},{"time":2.0667,"angle":-1.14,"curve":"stepped"},{"time":2.3333,"angle":-1.14}],"translate":[{"y":-23.91,"curve":"stepped"},{"time":0.9,"y":-23.91},{"time":1.2667,"x":117.2,"y":67.84},{"time":1.4,"x":134.7,"y":96},{"time":1.5333,"x":116.51,"y":102.37},{"time":1.6333,"x":91.12,"y":92.12},{"time":1.7667,"x":117.2,"y":67.84},{"time":1.9333,"x":134.7,"y":96},{"time":2.0667,"x":116.51,"y":102.37},{"time":2.2,"x":91.12,"y":92.12},{"time":2.3333,"x":117.2,"y":67.84}],"scale":[{"curve":"stepped"},{"time":0.9,"curve":"stepped"},{"time":1.2667,"curve":"stepped"},{"time":1.5333,"curve":"stepped"},{"time":1.7667,"curve":"stepped"},{"time":2.0667,"curve":"stepped"},{"time":2.3333}]},"bone20":{"rotate":[{"angle":0.15,"curve":"stepped"},{"time":0.9,"angle":0.15},{"time":1.2667,"angle":-1.48},{"time":1.5333,"angle":18.34},{"time":1.7667,"angle":-1.48},{"time":2.0667,"angle":18.34},{"time":2.3333,"angle":-1.48}],"translate":[{"curve":"stepped"},{"time":0.9},{"time":1.2667,"x":-52.08,"y":5.39,"curve":"stepped"},{"time":1.5333,"x":-52.08,"y":5.39,"curve":"stepped"},{"time":1.7667,"x":-52.08,"y":5.39,"curve":"stepped"},{"time":2.0667,"x":-52.08,"y":5.39,"curve":"stepped"},{"time":2.3333,"x":-52.08,"y":5.39}],"scale":[{"curve":"stepped"},{"time":0.9,"curve":"stepped"},{"time":1.2667,"curve":"stepped"},{"time":1.5333,"curve":"stepped"},{"time":1.7667,"curve":"stepped"},{"time":2.0667,"curve":"stepped"},{"time":2.3333}]},"bone21":{"rotate":[{"angle":-3.44,"curve":"stepped"},{"time":0.9,"angle":-3.44},{"time":1.2667,"angle":2.6},{"time":1.5333,"angle":-29.83},{"time":1.7667,"angle":2.6},{"time":2.0667,"angle":-29.83},{"time":2.3333,"angle":2.6}],"translate":[{"curve":"stepped"},{"time":0.9,"curve":"stepped"},{"time":1.2667,"curve":"stepped"},{"time":1.5333,"curve":"stepped"},{"time":1.7667,"curve":"stepped"},{"time":2.0667,"curve":"stepped"},{"time":2.3333}],"scale":[{"curve":"stepped"},{"time":0.9,"curve":"stepped"},{"time":1.2667,"curve":"stepped"},{"time":1.5333,"curve":"stepped"},{"time":1.7667,"curve":"stepped"},{"time":2.0667,"curve":"stepped"},{"time":2.3333}]},"bone22":{"rotate":[{"curve":"stepped"},{"time":0.9,"curve":"stepped"},{"time":1.2667,"curve":"stepped"},{"time":1.5333,"curve":"stepped"},{"time":1.7667,"curve":"stepped"},{"time":2.0667,"curve":"stepped"},{"time":2.3333}],"translate":[{"curve":"stepped"},{"time":0.9,"curve":"stepped"},{"time":1.2667,"curve":"stepped"},{"time":1.5333,"curve":"stepped"},{"time":1.7667,"curve":"stepped"},{"time":2.0667,"curve":"stepped"},{"time":2.3333}],"scale":[{"curve":"stepped"},{"time":0.9,"curve":"stepped"},{"time":1.2667,"curve":"stepped"},{"time":1.5333,"curve":"stepped"},{"time":1.7667,"curve":"stepped"},{"time":2.0667,"curve":"stepped"},{"time":2.3333}]},"Back leg":{"rotate":[{"curve":"stepped"},{"time":0.9},{"time":1.2667,"angle":-1.14,"curve":"stepped"},{"time":1.5333,"angle":-1.14,"curve":"stepped"},{"time":1.7667,"angle":-1.14,"curve":"stepped"},{"time":2.0667,"angle":-1.14,"curve":"stepped"},{"time":2.3333,"angle":-1.14}],"translate":[{"y":-23.91,"curve":"stepped"},{"time":0.9,"y":-23.91},{"time":1.2667,"x":76.39,"y":85.82},{"time":1.4,"x":93.89,"y":113.98},{"time":1.5333,"x":75.7,"y":120.35},{"time":1.6333,"x":50.32,"y":110.1},{"time":1.7667,"x":76.39,"y":85.82},{"time":1.9333,"x":93.89,"y":113.98},{"time":2.0667,"x":75.7,"y":120.35},{"time":2.2,"x":50.32,"y":110.1},{"time":2.3333,"x":76.39,"y":85.82}],"scale":[{"curve":"stepped"},{"time":0.9,"curve":"stepped"},{"time":1.2667,"curve":"stepped"},{"time":1.5333,"curve":"stepped"},{"time":1.7667,"curve":"stepped"},{"time":2.0667,"curve":"stepped"},{"time":2.3333}]},"bone23":{"rotate":[{"curve":"stepped"},{"time":0.9},{"time":1.2667,"angle":1.64},{"time":1.5333,"angle":21.05},{"time":1.7667,"angle":1.64},{"time":2.0667,"angle":21.05},{"time":2.3333,"angle":1.64}],"translate":[{"curve":"stepped"},{"time":0.9,"curve":"stepped"},{"time":1.2667,"curve":"stepped"},{"time":1.5333,"curve":"stepped"},{"time":1.7667,"curve":"stepped"},{"time":2.0667,"curve":"stepped"},{"time":2.3333}],"scale":[{"curve":"stepped"},{"time":0.9,"curve":"stepped"},{"time":1.2667,"curve":"stepped"},{"time":1.5333,"curve":"stepped"},{"time":1.7667,"curve":"stepped"},{"time":2.0667,"curve":"stepped"},{"time":2.3333}]},"bone25":{"rotate":[{"angle":-1.33,"curve":"stepped"},{"time":0.9,"angle":-1.33},{"time":1.2667,"angle":-3.93},{"time":1.5333,"angle":-22.34},{"time":1.7667,"angle":-3.93},{"time":2.0667,"angle":-22.34},{"time":2.3333,"angle":-3.93}],"translate":[{"curve":"stepped"},{"time":0.9,"curve":"stepped"},{"time":1.2667,"curve":"stepped"},{"time":1.5333,"curve":"stepped"},{"time":1.7667,"curve":"stepped"},{"time":2.0667,"curve":"stepped"},{"time":2.3333}],"scale":[{"curve":"stepped"},{"time":0.9,"curve":"stepped"},{"time":1.2667,"curve":"stepped"},{"time":1.5333,"curve":"stepped"},{"time":1.7667,"curve":"stepped"},{"time":2.0667,"curve":"stepped"},{"time":2.3333}]},"bone26":{"rotate":[{"curve":"stepped"},{"time":0.9,"curve":"stepped"},{"time":1.2667},{"time":1.5333,"angle":24.03},{"time":1.7667},{"time":2.0667,"angle":24.03},{"time":2.3333}],"translate":[{"curve":"stepped"},{"time":0.9,"curve":"stepped"},{"time":1.2667,"curve":"stepped"},{"time":1.5333,"curve":"stepped"},{"time":1.7667,"curve":"stepped"},{"time":2.0667,"curve":"stepped"},{"time":2.3333}],"scale":[{"curve":"stepped"},{"time":0.9,"curve":"stepped"},{"time":1.2667,"curve":"stepped"},{"time":1.5333,"curve":"stepped"},{"time":1.7667,"curve":"stepped"},{"time":2.0667,"curve":"stepped"},{"time":2.3333}]},"bone27":{"rotate":[{"angle":1.58,"curve":"stepped"},{"time":0.9,"angle":1.58},{"time":1.2667,"angle":0.09},{"time":1.5333,"angle":28.63},{"time":1.7667,"angle":0.09},{"time":2.0667,"angle":28.63},{"time":2.3333,"angle":0.09}],"translate":[{"curve":"stepped"},{"time":0.9,"curve":"stepped"},{"time":1.2667,"curve":"stepped"},{"time":1.5333,"curve":"stepped"},{"time":1.7667,"curve":"stepped"},{"time":2.0667,"curve":"stepped"},{"time":2.3333}],"scale":[{"curve":"stepped"},{"time":0.9,"curve":"stepped"},{"time":1.2667,"curve":"stepped"},{"time":1.5333,"curve":"stepped"},{"time":1.7667,"curve":"stepped"},{"time":2.0667,"curve":"stepped"},{"time":2.3333}]},"bone28":{"rotate":[{"angle":2.63,"curve":"stepped"},{"time":0.9,"angle":2.63},{"time":1.2667,"angle":9.58},{"time":1.5333,"angle":-16.1},{"time":1.7667,"angle":9.58},{"time":2.0667,"angle":-16.1},{"time":2.3333,"angle":9.58}],"translate":[{"curve":"stepped"},{"time":0.9,"curve":"stepped"},{"time":1.2667,"curve":"stepped"},{"time":1.5333,"curve":"stepped"},{"time":1.7667,"curve":"stepped"},{"time":2.0667,"curve":"stepped"},{"time":2.3333}],"scale":[{"curve":"stepped"},{"time":0.9,"curve":"stepped"},{"time":1.2667,"curve":"stepped"},{"time":1.5333,"curve":"stepped"},{"time":1.7667,"curve":"stepped"},{"time":2.0667,"curve":"stepped"},{"time":2.3333}]},"front hand top":{"rotate":[{"curve":"stepped"},{"time":0.9},{"time":1.2667,"angle":-1.14,"curve":"stepped"},{"time":1.5333,"angle":-1.14,"curve":"stepped"},{"time":1.7667,"angle":-1.14,"curve":"stepped"},{"time":2.0667,"angle":-1.14,"curve":"stepped"},{"time":2.3333,"angle":-1.14}],"translate":[{"y":-23.91,"curve":"stepped"},{"time":0.9,"y":-23.91},{"time":1.2667,"x":157.31,"y":36.27},{"time":1.4,"x":174.81,"y":64.42},{"time":1.5333,"x":156.62,"y":70.79},{"time":1.6333,"x":131.24,"y":60.54},{"time":1.7667,"x":157.31,"y":36.27},{"time":1.9333,"x":174.81,"y":64.42},{"time":2.0667,"x":156.62,"y":70.79},{"time":2.2,"x":131.24,"y":60.54},{"time":2.3333,"x":157.31,"y":36.27}],"scale":[{"curve":"stepped"},{"time":0.9,"curve":"stepped"},{"time":1.2667,"curve":"stepped"},{"time":1.5333,"curve":"stepped"},{"time":1.7667,"curve":"stepped"},{"time":2.0667,"curve":"stepped"},{"time":2.3333}]},"bone29":{"rotate":[{"angle":-0.44,"curve":"stepped"},{"time":0.9,"angle":-0.44},{"time":1.2667,"angle":-4.81},{"time":1.5333,"angle":8.78},{"time":1.7667,"angle":-4.81},{"time":2.0667,"angle":8.78},{"time":2.3333,"angle":-4.81}],"translate":[{"curve":"stepped"},{"time":0.9,"curve":"stepped"},{"time":1.2667,"curve":"stepped"},{"time":1.5333,"curve":"stepped"},{"time":1.7667,"curve":"stepped"},{"time":2.0667,"curve":"stepped"},{"time":2.3333}],"scale":[{"curve":"stepped"},{"time":0.9,"curve":"stepped"},{"time":1.2667,"curve":"stepped"},{"time":1.5333,"curve":"stepped"},{"time":1.7667,"curve":"stepped"},{"time":2.0667,"curve":"stepped"},{"time":2.3333}]},"bone30":{"rotate":[{"curve":"stepped"},{"time":0.9},{"time":1.2667,"angle":2.79},{"time":1.5333,"angle":17.65},{"time":1.7667,"angle":2.79},{"time":2.0667,"angle":17.65},{"time":2.3333,"angle":2.79}],"translate":[{"curve":"stepped"},{"time":0.9},{"time":1.2667,"x":39.72,"y":-4.11,"curve":"stepped"},{"time":1.5333,"x":39.72,"y":-4.11,"curve":"stepped"},{"time":1.7667,"x":39.72,"y":-4.11,"curve":"stepped"},{"time":2.0667,"x":39.72,"y":-4.11,"curve":"stepped"},{"time":2.3333,"x":39.72,"y":-4.11}],"scale":[{"curve":"stepped"},{"time":0.9,"curve":"stepped"},{"time":1.2667,"curve":"stepped"},{"time":1.5333,"curve":"stepped"},{"time":1.7667,"curve":"stepped"},{"time":2.0667,"curve":"stepped"},{"time":2.3333}]},"bone32":{"rotate":[{"angle":0.2,"curve":"stepped"},{"time":0.9,"angle":0.2},{"time":1.2667,"angle":-5.19},{"time":1.5333,"angle":8.4},{"time":1.7667,"angle":-5.19},{"time":2.0667,"angle":8.4},{"time":2.3333,"angle":-5.19}],"translate":[{"curve":"stepped"},{"time":0.9,"curve":"stepped"},{"time":1.2667,"curve":"stepped"},{"time":1.5333,"curve":"stepped"},{"time":1.7667,"curve":"stepped"},{"time":2.0667,"curve":"stepped"},{"time":2.3333}],"scale":[{"curve":"stepped"},{"time":0.9,"curve":"stepped"},{"time":1.2667,"curve":"stepped"},{"time":1.5333,"curve":"stepped"},{"time":1.7667,"curve":"stepped"},{"time":2.0667,"curve":"stepped"},{"time":2.3333}]},"bone33":{"rotate":[{"curve":"stepped"},{"time":0.9,"curve":"stepped"},{"time":1.2667},{"time":1.5333,"angle":-12.75},{"time":1.7667},{"time":2.0667,"angle":-12.75},{"time":2.3333}],"translate":[{"curve":"stepped"},{"time":0.9,"curve":"stepped"},{"time":1.2667,"curve":"stepped"},{"time":1.5333,"curve":"stepped"},{"time":1.7667,"curve":"stepped"},{"time":2.0667,"curve":"stepped"},{"time":2.3333}],"scale":[{"curve":"stepped"},{"time":0.9,"curve":"stepped"},{"time":1.2667,"curve":"stepped"},{"time":1.5333,"curve":"stepped"},{"time":1.7667,"curve":"stepped"},{"time":2.0667,"curve":"stepped"},{"time":2.3333}]},"bone39":{"rotate":[{},{"time":0.2333,"angle":4.86},{"time":0.4667,"angle":2.32},{"time":0.7,"angle":-0.52},{"time":0.9,"angle":28.64},{"time":1.0333,"angle":27.63},{"time":1.1333,"angle":28.64},{"time":1.2667,"angle":27.63},{"time":1.5333,"angle":-4},{"time":1.7667,"angle":27.63},{"time":2.0667,"angle":-4},{"time":2.3333,"angle":27.63}],"translate":[{"curve":"stepped"},{"time":0.9,"curve":"stepped"},{"time":1.0333,"curve":"stepped"},{"time":1.1333,"curve":"stepped"},{"time":1.2667,"curve":"stepped"},{"time":1.5333,"curve":"stepped"},{"time":1.7667,"curve":"stepped"},{"time":2.0667,"curve":"stepped"},{"time":2.3333}],"scale":[{},{"time":0.4667,"x":0.82},{"time":0.9,"x":-0.682},{"time":1.0333},{"time":1.1333,"x":-0.682},{"time":1.2667},{"time":1.5333,"x":-0.682},{"time":1.7667},{"time":2.0667,"x":-0.682},{"time":2.3333}]},"bone40":{"rotate":[{"curve":"stepped"},{"time":0.9},{"time":1.2667,"angle":-1.14,"curve":"stepped"},{"time":1.5333,"angle":-1.14,"curve":"stepped"},{"time":1.7667,"angle":-1.14,"curve":"stepped"},{"time":2.0667,"angle":-1.14,"curve":"stepped"},{"time":2.3333,"angle":-1.14}],"translate":[{"curve":"stepped"},{"time":0.9,"curve":"stepped"},{"time":1.2667,"curve":"stepped"},{"time":1.5333,"curve":"stepped"},{"time":1.7667,"curve":"stepped"},{"time":2.0667,"curve":"stepped"},{"time":2.3333}],"scale":[{"curve":"stepped"},{"time":0.9,"curve":"stepped"},{"time":1.2667,"curve":"stepped"},{"time":1.5333,"curve":"stepped"},{"time":1.7667,"curve":"stepped"},{"time":2.0667,"curve":"stepped"},{"time":2.3333}]},"bone41":{"rotate":[{"curve":"stepped"},{"time":0.9},{"time":1.2667,"angle":-1.14,"curve":"stepped"},{"time":1.5333,"angle":-1.14,"curve":"stepped"},{"time":1.7667,"angle":-1.14,"curve":"stepped"},{"time":2.0667,"angle":-1.14,"curve":"stepped"},{"time":2.3333,"angle":-1.14}],"translate":[{"curve":"stepped"},{"time":0.9,"curve":"stepped"},{"time":1.2667,"curve":"stepped"},{"time":1.5333,"curve":"stepped"},{"time":1.7667,"curve":"stepped"},{"time":2.0667,"curve":"stepped"},{"time":2.3333}],"scale":[{"curve":"stepped"},{"time":0.9,"curve":"stepped"},{"time":1.2667,"curve":"stepped"},{"time":1.5333,"curve":"stepped"},{"time":1.7667,"curve":"stepped"},{"time":2.0667,"curve":"stepped"},{"time":2.3333}]},"bone42":{"rotate":[{"curve":"stepped"},{"time":0.9},{"time":1.2667,"angle":-1.14,"curve":"stepped"},{"time":1.5333,"angle":-1.14,"curve":"stepped"},{"time":1.7667,"angle":-1.14,"curve":"stepped"},{"time":2.0667,"angle":-1.14,"curve":"stepped"},{"time":2.3333,"angle":-1.14}],"translate":[{"curve":"stepped"},{"time":0.9,"curve":"stepped"},{"time":1.2667,"curve":"stepped"},{"time":1.5333,"curve":"stepped"},{"time":1.7667,"curve":"stepped"},{"time":2.0667,"curve":"stepped"},{"time":2.3333}],"scale":[{"curve":"stepped"},{"time":0.9,"curve":"stepped"},{"time":1.2667,"curve":"stepped"},{"time":1.5333,"curve":"stepped"},{"time":1.7667,"curve":"stepped"},{"time":2.0667,"curve":"stepped"},{"time":2.3333}]},"bone15":{"rotate":[{},{"time":0.5333,"angle":-5.3},{"time":0.9},{"time":1.2667,"angle":-45.92},{"time":1.5333,"angle":-52.19},{"time":1.7667,"angle":-45.92},{"time":2.0667,"angle":-52.19},{"time":2.3333,"angle":-45.92}],"translate":[{"curve":"stepped"},{"time":0.9,"curve":"stepped"},{"time":1.2667,"curve":"stepped"},{"time":1.5333,"curve":"stepped"},{"time":1.7667,"curve":"stepped"},{"time":2.0667,"curve":"stepped"},{"time":2.3333}],"scale":[{"curve":"stepped"},{"time":0.9,"curve":"stepped"},{"time":1.2667,"curve":"stepped"},{"time":1.5333,"curve":"stepped"},{"time":1.7667,"curve":"stepped"},{"time":2.0667,"curve":"stepped"},{"time":2.3333}]},"bone34":{"rotate":[{"curve":"stepped"},{"time":0.9},{"time":1.2667,"angle":-1.14,"curve":"stepped"},{"time":1.5333,"angle":-1.14,"curve":"stepped"},{"time":1.7667,"angle":-1.14,"curve":"stepped"},{"time":2.0667,"angle":-1.14,"curve":"stepped"},{"time":2.3333,"angle":-1.14}],"translate":[{"curve":"stepped"},{"time":0.9,"curve":"stepped"},{"time":1.2667,"curve":"stepped"},{"time":1.5333,"curve":"stepped"},{"time":1.7667,"curve":"stepped"},{"time":2.0667,"curve":"stepped"},{"time":2.3333}],"scale":[{"curve":"stepped"},{"time":0.9,"curve":"stepped"},{"time":1.2667,"curve":"stepped"},{"time":1.5333,"curve":"stepped"},{"time":1.7667,"curve":"stepped"},{"time":2.0667,"curve":"stepped"},{"time":2.3333}]},"bone35":{"rotate":[{"curve":"stepped"},{"time":0.9},{"time":1.2667,"angle":-1.14,"curve":"stepped"},{"time":1.5333,"angle":-1.14,"curve":"stepped"},{"time":1.7667,"angle":-1.14,"curve":"stepped"},{"time":2.0667,"angle":-1.14,"curve":"stepped"},{"time":2.3333,"angle":-1.14}],"translate":[{"curve":"stepped"},{"time":0.9,"curve":"stepped"},{"time":1.2667,"curve":"stepped"},{"time":1.5333,"curve":"stepped"},{"time":1.7667,"curve":"stepped"},{"time":2.0667,"curve":"stepped"},{"time":2.3333}],"scale":[{"curve":"stepped"},{"time":0.9,"curve":"stepped"},{"time":1.2667,"curve":"stepped"},{"time":1.5333,"curve":"stepped"},{"time":1.7667,"curve":"stepped"},{"time":2.0667,"curve":"stepped"},{"time":2.3333}]},"front hand":{"rotate":[{"curve":"stepped"},{"time":0.9},{"time":1.2667,"angle":-1.14,"curve":"stepped"},{"time":1.5333,"angle":-1.14,"curve":"stepped"},{"time":1.7667,"angle":-1.14,"curve":"stepped"},{"time":2.0667,"angle":-1.14,"curve":"stepped"},{"time":2.3333,"angle":-1.14}],"translate":[{"y":-23.91,"curve":"stepped"},{"time":0.9,"y":-23.91},{"time":1.2667,"x":114.92,"y":71.74},{"time":1.4,"x":132.42,"y":99.9},{"time":1.5333,"x":114.23,"y":106.27},{"time":1.6333,"x":88.84,"y":96.02},{"time":1.7667,"x":114.92,"y":71.74},{"time":1.9333,"x":132.42,"y":99.9},{"time":2.0667,"x":114.23,"y":106.27},{"time":2.2,"x":88.84,"y":96.02},{"time":2.3333,"x":114.92,"y":71.74}],"scale":[{"curve":"stepped"},{"time":0.9,"curve":"stepped"},{"time":1.2667,"curve":"stepped"},{"time":1.5333,"curve":"stepped"},{"time":1.7667,"curve":"stepped"},{"time":2.0667,"curve":"stepped"},{"time":2.3333}]},"pp":{"rotate":[{"time":1.5333,"curve":"stepped"},{"time":2.0667}],"translate":[{"y":-23.91,"curve":"stepped"},{"time":0.9,"y":-23.91},{"time":1.2667,"x":106.42,"y":36.48},{"time":1.4,"x":123.92,"y":64.64},{"time":1.5333,"x":105.73,"y":71.01},{"time":1.6333,"x":80.35,"y":60.76},{"time":1.7667,"x":106.42,"y":36.48},{"time":1.9333,"x":123.92,"y":64.64},{"time":2.0667,"x":105.73,"y":71.01},{"time":2.2,"x":80.35,"y":60.76},{"time":2.3333,"x":106.42,"y":36.48}],"scale":[{"time":1.2667,"curve":"stepped"},{"time":1.5333,"curve":"stepped"},{"time":1.7667,"curve":"stepped"},{"time":2.0667,"curve":"stepped"},{"time":2.3333}]},"ooo":{"rotate":[{"time":1.5333,"curve":"stepped"},{"time":2.0667}],"translate":[{"y":-23.91,"curve":"stepped"},{"time":0.9,"y":-23.91},{"time":1.2667,"x":45.22,"y":89.56},{"time":1.4,"x":62.72,"y":117.71},{"time":1.5333,"x":44.53,"y":124.08},{"time":1.6333,"x":19.14,"y":113.84},{"time":1.7667,"x":45.22,"y":89.56},{"time":1.9333,"x":62.72,"y":117.71},{"time":2.0667,"x":44.53,"y":124.08},{"time":2.2,"x":19.14,"y":113.84},{"time":2.3333,"x":45.22,"y":89.56}],"scale":[{"time":1.2667,"curve":"stepped"},{"time":1.5333,"curve":"stepped"},{"time":1.7667,"curve":"stepped"},{"time":2.0667,"curve":"stepped"},{"time":2.3333}]},"555":{"rotate":[{"time":1.5333,"curve":"stepped"},{"time":2.0667}],"translate":[{"y":-23.91,"curve":"stepped"},{"time":0.9,"y":-23.91},{"time":1.2667,"x":77.6,"y":64.74},{"time":1.4,"x":95.1,"y":92.89},{"time":1.5333,"x":76.91,"y":99.27},{"time":1.6333,"x":51.53,"y":89.02},{"time":1.7667,"x":77.6,"y":64.74},{"time":1.9333,"x":95.1,"y":92.89},{"time":2.0667,"x":76.91,"y":99.27},{"time":2.2,"x":51.53,"y":89.02},{"time":2.3333,"x":77.6,"y":64.74}],"scale":[{"time":1.2667,"curve":"stepped"},{"time":1.5333,"curve":"stepped"},{"time":1.7667,"curve":"stepped"},{"time":2.0667,"curve":"stepped"},{"time":2.3333}]}}}}}