{"skeleton":{"hash":"VIT1q+Uc0PPEMK3/bGE3GkXxhvs","spine":"3.8.95","x":-413.25,"y":-71.62,"width":764.25,"height":839.62},"bones":[{"name":"root","scaleX":0.75,"scaleY":0.75},{"name":"glow","parent":"root","x":-11.28,"y":309.38},{"name":"round glow","parent":"root","x":-13.77,"y":406.68},{"name":"round glow2","parent":"root","x":-13.77,"y":406.68,"scaleX":0.74,"scaleY":0.74},{"name":"spark 1","parent":"root","x":-3.79,"y":618.76},{"name":"spark 2","parent":"root","x":-21.26,"y":254.49},{"name":"swipe glow","parent":"root","x":-1.3,"y":67.36}],"slots":[{"name":"a13","bone":"round glow","attachment":"a13","blend":"screen"},{"name":"a14","bone":"round glow2","attachment":"a13","blend":"screen"},{"name":"a12","bone":"glow","attachment":"a12","blend":"screen"},{"name":"a9","bone":"swipe glow","attachment":"a9","blend":"additive"},{"name":"a10","bone":"swipe glow","attachment":"a10","blend":"additive"},{"name":"a11","bone":"root","attachment":"a11","blend":"additive"},{"name":"a6","bone":"swipe glow","attachment":"a6","blend":"additive"},{"name":"a8","bone":"swipe glow","attachment":"a8","blend":"additive"},{"name":"a7","bone":"swipe glow","attachment":"a7","blend":"additive"},{"name":"a3","bone":"swipe glow","attachment":"a3","blend":"additive"},{"name":"a5","bone":"swipe glow","attachment":"a5","blend":"additive"},{"name":"a4","bone":"swipe glow","attachment":"a4","blend":"additive"},{"name":"a2","bone":"spark 1","attachment":"a2","blend":"additive"},{"name":"a1","bone":"spark 2","attachment":"a1","blend":"additive"}],"skins":[{"name":"default","attachments":{"a1":{"a1":{"x":-0.74,"y":320.51,"width":748,"height":826}},"a2":{"a2":{"x":46.29,"y":-18.76,"width":645,"height":652}},"a3":{"a3":{"x":-162.2,"y":555.14,"width":341,"height":281}},"a4":{"a4":{"x":124.3,"y":729.64,"width":232,"height":362}},"a5":{"a5":{"x":-39.2,"y":637.64,"width":513,"height":396}},"a6":{"a6":{"x":-160.7,"y":340.14,"width":350,"height":379}},"a7":{"a7":{"x":-11.2,"y":442.14,"width":535,"height":295}},"a8":{"a8":{"x":-25.2,"y":396.14,"width":537,"height":395}},"a9":{"a9":{"x":-61.7,"y":151.14,"width":566,"height":277}},"a10":{"a10":{"x":33.3,"y":206.14,"width":696,"height":407}},"a11":{"a11":{"x":148,"y":290,"width":476,"height":432}},"a12":{"a12":{"x":-25.72,"y":202.62,"width":960,"height":1024}},"a13":{"a13":{"x":-27.73,"y":9.82,"width":1019,"height":1024}},"a14":{"a13":{"x":-27.73,"y":9.82,"width":1019,"height":1024}}}}],"animations":{"1":{"slots":{"a1":{"color":[{"color":"ffffff00","curve":"stepped"},{"time":0.5,"color":"ffffff00"},{"time":0.6667,"color":"ffffffff","curve":"stepped"},{"time":1.6667,"color":"ffffffff"},{"time":2,"color":"ffffff00"}]},"a2":{"color":[{"color":"ffffff00","curve":"stepped"},{"time":0.6667,"color":"ffffff00"},{"time":0.8333,"color":"ffffffff","curve":"stepped"},{"time":1.6667,"color":"ffffffff"},{"time":1.8333,"color":"ffffff00"}]},"a3":{"color":[{"color":"ffffff00","curve":"stepped"},{"time":1,"color":"ffffff00"},{"time":1.1667,"color":"ffffffff","curve":"stepped"},{"time":1.9,"color":"ffffffff"},{"time":1.9333,"color":"ffffff00"}]},"a4":{"color":[{"color":"ffffff00","curve":"stepped"},{"time":1.3333,"color":"ffffff00"},{"time":1.6,"color":"ffffffff","curve":"stepped"},{"time":1.9667,"color":"ffffffff"},{"time":2,"color":"ffffff00"}]},"a5":{"color":[{"color":"ffffff00","curve":"stepped"},{"time":1.1667,"color":"ffffff00"},{"time":1.3333,"color":"ffffffff","curve":"stepped"},{"time":1.9,"color":"ffffffff"},{"time":1.9667,"color":"ffffff00"}]},"a6":{"color":[{"color":"ffffff00","curve":"stepped"},{"time":0.5,"color":"ffffff00"},{"time":0.6667,"color":"ffffffff","curve":"stepped"},{"time":1.8,"color":"ffffffff"},{"time":1.8333,"color":"ffffff00"}]},"a7":{"color":[{"color":"ffffff00","curve":"stepped"},{"time":0.8333,"color":"ffffff00"},{"time":1,"color":"ffffffff","curve":"stepped"},{"time":1.8667,"color":"ffffffff"},{"time":1.9,"color":"ffffff00"}]},"a8":{"color":[{"color":"ffffff00","curve":"stepped"},{"time":0.6667,"color":"ffffff00"},{"time":0.8333,"color":"ffffffff","curve":"stepped"},{"time":1.8333,"color":"ffffffff"},{"time":1.8667,"color":"ffffff00"}]},"a9":{"color":[{"color":"ffffff00"},{"time":0.1667,"color":"ffffffff","curve":"stepped"},{"time":1.6,"color":"ffffffff"},{"time":1.6667,"color":"ffffff00"}]},"a10":{"color":[{"color":"ffffff00","curve":"stepped"},{"time":0.1667,"color":"ffffff00"},{"time":0.3333,"color":"ffffffff","curve":"stepped"},{"time":1.6667,"color":"ffffffff"},{"time":1.7333,"color":"ffffff00"}]},"a11":{"color":[{"color":"ffffff00","curve":"stepped"},{"time":0.3333,"color":"ffffff00"},{"time":0.5,"color":"ffffffff","curve":"stepped"},{"time":1.7333,"color":"ffffffff"},{"time":1.8,"color":"ffffff00"}]},"a12":{"color":[{"color":"ffffff00"},{"time":1,"color":"ffffffff"},{"time":1.6667,"color":"ffffff54"},{"time":2,"color":"ffffff00"}]},"a13":{"color":[{"color":"ffffff00"},{"time":1,"color":"ffffffff","curve":"stepped"},{"time":1.6667,"color":"ffffffff"},{"time":2,"color":"ffffff00"}]},"a14":{"color":[{"color":"ffffffff"},{"time":0.6667,"color":"ffffff00"},{"time":1,"color":"ffffffff","curve":"stepped"},{"time":1.8667,"color":"ffffffff"},{"time":2,"color":"ffffff00"}]}},"bones":{"round glow":{"scale":[{"x":0.56,"y":0.56},{"time":0.3333}]},"glow":{"translate":[{},{"time":1.6667,"y":90},{"time":2,"y":180}],"scale":[{"x":0.7,"y":0.6},{"time":1},{"time":1.6667,"y":1.24}]},"spark 1":{"translate":[{"y":-300.7,"curve":"stepped"},{"time":0.6667,"y":-300.7},{"time":1.6667,"y":281.31},{"time":2,"y":523.43}]},"spark 2":{"translate":[{"y":-200.47,"curve":"stepped"},{"time":0.5,"y":-200.47},{"time":1.6667,"y":216.07},{"time":2,"y":405.22}]},"round glow2":{"scale":[{"x":0.56,"y":0.56},{"time":0.3333}]}}}}}