{"skeleton":{"hash":"TTnW+TnyaztbzUMzqadGMr0uKF8","spine":"3.8.95","x":-109,"y":98,"width":210,"height":296},"bones":[{"name":"root"}],"slots":[{"name":"e2 (1)","bone":"root","attachment":"e2 (17)"}],"skins":[{"name":"default","attachments":{"e2 (1)":{"e2 (1)":{"x":162,"y":273,"width":140,"height":140},"e2 (2)":{"x":-55,"y":319,"width":402,"height":386},"e2 (3)":{"x":7,"y":224.5,"width":268,"height":361},"e2 (4)":{"x":-26,"y":240,"width":330,"height":394},"e2 (5)":{"x":-13.5,"y":238.5,"width":333,"height":385},"e2 (6)":{"x":8,"y":243,"width":354,"height":374},"e2 (7)":{"x":2.5,"y":246,"width":387,"height":400},"e2 (8)":{"x":2.5,"y":246,"width":387,"height":400},"e2 (9)":{"x":-12.5,"y":245,"width":423,"height":404},"e2 (10)":{"x":-16.5,"y":249.5,"width":443,"height":431},"e2 (11)":{"x":-18.5,"y":248.5,"width":441,"height":433},"e2 (12)":{"x":-17,"y":248.5,"width":378,"height":381},"e2 (13)":{"x":-17,"y":248.5,"width":378,"height":381},"e2 (14)":{"x":7,"y":242,"width":296,"height":300},"e2 (15)":{"x":8,"y":243,"width":298,"height":300},"e2 (16)":{"x":6.5,"y":244,"width":299,"height":298},"e2 (17)":{"x":-4,"y":246,"width":210,"height":296},"e2 (18)":{"x":-4,"y":246,"width":210,"height":296}}}}],"animations":{"1":{"slots":{"e2 (1)":{"attachment":[{"name":"e2 (1)"},{"time":0.0667,"name":"e2 (2)"},{"time":0.1333,"name":"e2 (3)"},{"time":0.2,"name":"e2 (4)"},{"time":0.2667,"name":"e2 (5)"},{"time":0.3333,"name":"e2 (6)"},{"time":0.4,"name":"e2 (7)"},{"time":0.4667,"name":"e2 (8)"},{"time":0.5333,"name":"e2 (9)"},{"time":0.6,"name":"e2 (10)"},{"time":0.6667,"name":"e2 (11)"},{"time":0.7333,"name":"e2 (12)"},{"time":0.8,"name":"e2 (13)"},{"time":0.8667,"name":"e2 (14)"},{"time":0.9333,"name":"e2 (15)"},{"time":1,"name":"e2 (16)"},{"time":1.0667,"name":"e2 (17)"},{"time":1.1333,"name":"e2 (18)"}]}}}}}