{
  "version": "1.1.1",
  "windows": {
    "main": {
      "main": true,
      "url": "app://editor/index.html",
      "windowType": "dockable",
      "x": 0,
      "y": 25,
      "width": 1920,
      "height": 965,
      "layout": {
        "type": "dock-h",
        "children": [
          {
            "width": 411,
            "height": 878,
            "type": "dock-v",
            "children": [
              {
                "width": 411,
                "height": 438,
                "type": "dock-h",
                "children": [
                  {
                    "width": 204,
                    "height": 438,
                    "type": "panel",
                    "active": 0,
                    "children": [
                      "hierarchy"
                    ]
                  },
                  {
                    "width": 204,
                    "height": 438,
                    "type": "panel",
                    "active": 0,
                    "children": [
                      "assets"
                    ]
                  }
                ]
              },
              {
                "width": 411,
                "height": 437,
                "type": "panel",
                "active": 0,
                "children": [
                  "node-library"
                ]
              }
            ]
          },
          {
            "width": 846,
            "height": 878,
            "type": "panel",
            "active": 0,
            "children": [
              "scene"
            ]
          },
          {
            "width": 657,
            "height": 878,
            "type": "dock-v",
            "children": [
              {
                "width": 657,
                "height": 556,
                "type": "panel",
                "active": 0,
                "children": [
                  "inspector",
                  "cocos-services"
                ]
              },
              {
                "width": 657,
                "height": 318.984375,
                "type": "panel",
                "active": 1,
                "children": [
                  "console",
                  "timeline",
                  "game-window"
                ]
              }
            ]
          }
        ]
      },
      "panels": [
        "hierarchy",
        "assets",
        "node-library",
        "scene",
        "inspector",
        "cocos-services",
        "console",
        "timeline",
        "game-window"
      ]
    },
    "window-1653918577744": {}
  },
  "panels": {
    "builder": {
      "x": 710,
      "y": 118,
      "width": 500,
      "height": 728
    },
    "project-settings": {
      "x": 680,
      "y": 218,
      "width": 584,
      "height": 554
    },
    "store": {
      "x": 460,
      "y": 118,
      "width": 1000,
      "height": 728
    },
    "preferences": {
      "x": 680,
      "y": 218,
      "width": 584,
      "height": 554
    }
  },
  "panelLabelWidth": {}
}
